rank,layer,head,n_cells,total_attr,k_anchor,k_label,q_anchor,q_label,pos_type,region
10,0,9,45,0.200265,SINGLE-ANCHOR,Y32,DISTRIBUTED,,,INTRA:flkL
19,0,12,32,0.063364,DUAL-ANCHOR,Y32/G271,DISTRIBUTED,,,INTRA:flkL
23,1,1,28,0.097604,DISTRIBUTED,,DISTRIBUTED,,POSITIONAL,
25,4,5,9,0.062734,SINGLE-ANCHOR,I92,SINGLE-ANCHOR,H97,,ss1→flkL
26,4,14,11,0.024214,DISTRIBUTED,N270/K264/G271,SINGLE-ANCHOR,V101,,
7,5,9,13,0.191458,SINGLE-ANCHOR,H97,SINGLE-ANCHOR,V101,,
17,6,0,17,0.058452,DISTRIBUTED,Y32/W44/L42/D30/E55,SINGLE-ANCHOR,V101,,ss1→flkL
21,6,17,82,0.288023,DISTRIBUTED,,DISTRIBUTED,,,
18,7,7,28,0.104136,SINGLE-ANCHOR,V101,DISTRIBUTED,,,
5,7,13,96,0.506987,DISTRIBUTED,,DISTRIBUTED,,,
12,8,2,22,0.144802,SINGLE-ANCHOR,V101,DISTRIBUTED,,,
29,9,15,20,0.049503,DISTRIBUTED,,SINGLE-ANCHOR,V101,,
2,9,17,33,0.285989,DISTRIBUTED,,SINGLE-ANCHOR,V201,,
1,10,9,103,0.345854,SINGLE-ANCHOR,V101,DISTRIBUTED,,,
28,11,14,34,0.117323,SINGLE-ANCHOR,V101,DISTRIBUTED,,,
11,11,16,27,0.042311,SINGLE-ANCHOR,V101,DISTRIBUTED,,,
16,12,10,42,0.092082,DISTRIBUTED,,SINGLE-ANCHOR,V201,,
30,12,15,20,0.036337,SINGLE-ANCHOR,V101,DISTRIBUTED,,,flkL→ss1
27,13,2,8,0.023088,DUAL-ANCHOR,F203/V201,SINGLE-ANCHOR,V201,,INTRA:ss2
22,13,18,19,0.079762,SINGLE-ANCHOR,V101,DISTRIBUTED,,,
14,14,4,11,0.155418,SINGLE-ANCHOR,V101,SINGLE-ANCHOR,V201,,CROSS:ss2→flkL
20,14,9,16,0.066095,DUAL-ANCHOR,V101/Y198,SINGLE-ANCHOR,V201,,
13,15,8,3,0.114374,SINGLE-ANCHOR,V101,SINGLE-ANCHOR,V201,CROSS_SSE,CROSS:ss2→ss1
8,17,10,18,0.150150,SINGLE-ANCHOR,V201,DISTRIBUTED,F203/K200/T202/P205,,INTRA:ss2
24,17,18,10,0.045105,DISTRIBUTED,V101/F203/I230,DUAL-ANCHOR,V201/F203,,
15,26,16,13,0.039627,DISTRIBUTED,H97/P205/N91/T98,DISTRIBUTED,H97/P205/K102/T202,,CROSS:ss2→ss1
3,27,15,18,0.102271,DISTRIBUTED,K102/H97/I99/T98,DISTRIBUTED,F203/K200/P205,,CROSS:ss2→ss1
6,29,18,26,0.094332,DISTRIBUTED,K200/E100/T98/K102,DISTRIBUTED,K102/T202/K200/K204/F203,,CROSS:ss2→ss1
4,32,13,16,0.073859,DISTRIBUTED,,DISTRIBUTED,,,CROSS:ss2→ss1
9,32,18,11,0.055669,DISTRIBUTED,F203/I99/T98,DISTRIBUTED,I99/F203/T202,,CROSS:ss2→ss1
