protein,pair_index,contact_pair,sequence_length,segment_radius,flank,contact_metric
1BRTA,0,"[119, 221]",277,5,0,0.004185929428786039
1BRTA,0,"[119, 221]",277,5,1,0.004315836355090141
1BRTA,0,"[119, 221]",277,5,2,0.004968130495399237
1BRTA,0,"[119, 221]",277,5,3,0.004633485339581966
1BRTA,0,"[119, 221]",277,5,4,0.0046599567867815495
1BRTA,0,"[119, 221]",277,5,5,0.004526032134890556
1BRTA,0,"[119, 221]",277,5,6,0.0046518235467374325
1BRTA,0,"[119, 221]",277,5,7,0.0042371973395347595
1BRTA,0,"[119, 221]",277,5,8,0.004539513494819403
1BRTA,0,"[119, 221]",277,5,9,0.004052307922393084
1BRTA,0,"[119, 221]",277,5,10,0.004142552614212036
1BRTA,0,"[119, 221]",277,5,11,0.00557493744418025
1BRTA,0,"[119, 221]",277,5,12,0.005389324855059385
1BRTA,0,"[119, 221]",277,5,13,0.005181740038096905
1BRTA,0,"[119, 221]",277,5,14,0.006701053585857153
1BRTA,0,"[119, 221]",277,5,15,0.005164782982319593
1BRTA,0,"[119, 221]",277,5,16,0.005078236572444439
1BRTA,0,"[119, 221]",277,5,17,0.005134663078933954
1BRTA,0,"[119, 221]",277,5,18,0.005115578416734934
1BRTA,0,"[119, 221]",277,5,19,0.004877670668065548
1BRTA,0,"[119, 221]",277,5,20,0.0051196604035794735
1BRTA,0,"[119, 221]",277,5,21,0.0052569834515452385
1BRTA,0,"[119, 221]",277,5,22,0.923020601272583
1BRTA,0,"[119, 221]",277,5,23,0.9182440042495728
1BRTA,0,"[119, 221]",277,5,24,0.9119860529899597
1BRTA,0,"[119, 221]",277,5,25,0.9128184914588928
1BRTA,0,"[119, 221]",277,5,26,0.8981656432151794
1BRTA,0,"[119, 221]",277,5,27,0.9014097452163696
1BS0A,0,"[90, 276]",384,5,0,0.006278218235820532
1BS0A,0,"[90, 276]",384,5,1,0.005325234029442072
1BS0A,0,"[90, 276]",384,5,2,0.005847861059010029
1BS0A,0,"[90, 276]",384,5,3,0.004965979605913162
1BS0A,0,"[90, 276]",384,5,4,0.005341613199561834
1BS0A,0,"[90, 276]",384,5,5,0.0051301997154951096
1BS0A,0,"[90, 276]",384,5,6,0.005367168691009283
1BS0A,0,"[90, 276]",384,5,7,0.004611860029399395
1BS0A,0,"[90, 276]",384,5,8,0.005009908229112625
1BS0A,0,"[90, 276]",384,5,9,0.006351121701300144
1BS0A,0,"[90, 276]",384,5,10,0.005936555564403534
1BS0A,0,"[90, 276]",384,5,11,0.006839278619736433
1BS0A,0,"[90, 276]",384,5,12,0.006012585945427418
1BS0A,0,"[90, 276]",384,5,13,0.0060184369795024395
1BS0A,0,"[90, 276]",384,5,14,0.004964582156389952
1BS0A,0,"[90, 276]",384,5,15,0.0048360675573349
1BS0A,0,"[90, 276]",384,5,16,0.005029667168855667
1BS0A,0,"[90, 276]",384,5,17,0.004620509687811136
1BS0A,0,"[90, 276]",384,5,18,0.004803417716175318
1BS0A,0,"[90, 276]",384,5,19,0.004827361088246107
1BS0A,0,"[90, 276]",384,5,20,0.0044319527223706245
1BS0A,0,"[90, 276]",384,5,21,0.004798604641109705
1BS0A,0,"[90, 276]",384,5,22,0.004366571083664894
1BS0A,0,"[90, 276]",384,5,23,0.00459574069827795
1BS0A,0,"[90, 276]",384,5,24,0.004273565020412207
1BS0A,0,"[90, 276]",384,5,25,0.004271893296390772
1BS0A,0,"[90, 276]",384,5,26,0.004642683081328869
1BS0A,0,"[90, 276]",384,5,27,0.004565895535051823
1BS0A,0,"[90, 276]",384,5,28,0.004715893883258104
1BS0A,0,"[90, 276]",384,5,29,0.004984021186828613
1BS0A,0,"[90, 276]",384,5,30,0.005087064579129219
1BS0A,0,"[90, 276]",384,5,31,0.005430308170616627
1BS0A,0,"[90, 276]",384,5,32,0.006175779737532139
1BS0A,0,"[90, 276]",384,5,33,0.008505417965352535
1BS0A,0,"[90, 276]",384,5,34,0.00912968348711729
1BS0A,0,"[90, 276]",384,5,35,0.5097788572311401
1BS0A,0,"[90, 276]",384,5,36,0.7240366339683533
1BS0A,0,"[90, 276]",384,5,37,0.7296255230903625
1BS0A,0,"[90, 276]",384,5,38,0.6828782558441162
1BS0A,0,"[90, 276]",384,5,39,0.6823605298995972
1DYPA,0,"[116, 228]",271,5,0,0.007073819171637297
1DYPA,0,"[116, 228]",271,5,1,0.006995619274675846
1DYPA,0,"[116, 228]",271,5,2,0.007361147087067366
1DYPA,0,"[116, 228]",271,5,3,0.007329114247113466
1DYPA,0,"[116, 228]",271,5,4,0.006996537558734417
1DYPA,0,"[116, 228]",271,5,5,0.007100819610059261
1DYPA,0,"[116, 228]",271,5,6,0.007063455879688263
1DYPA,0,"[116, 228]",271,5,7,0.007396808825433254
1DYPA,0,"[116, 228]",271,5,8,0.007795259822160006
1DYPA,0,"[116, 228]",271,5,9,0.0075426260009408
1DYPA,0,"[116, 228]",271,5,10,0.007347682490944862
1DYPA,0,"[116, 228]",271,5,11,0.0073824068531394005
1DYPA,0,"[116, 228]",271,5,12,0.007487055845558643
1DYPA,0,"[116, 228]",271,5,13,0.007087383419275284
1DYPA,0,"[116, 228]",271,5,14,0.007375696673989296
1DYPA,0,"[116, 228]",271,5,15,0.00752912787720561
1DYPA,0,"[116, 228]",271,5,16,0.007430367637425661
1DYPA,0,"[116, 228]",271,5,17,0.007162316236644983
1DYPA,0,"[116, 228]",271,5,18,0.00742379343137145
1DYPA,0,"[116, 228]",271,5,19,0.00688954209908843
1DYPA,0,"[116, 228]",271,5,20,0.006742668803781271
1DYPA,0,"[116, 228]",271,5,21,0.006799223367124796
1DYPA,0,"[116, 228]",271,5,22,0.00544053316116333
1DYPA,0,"[116, 228]",271,5,23,0.0553496778011322
1DYPA,0,"[116, 228]",271,5,24,0.05753542482852936
1DYPA,0,"[116, 228]",271,5,25,0.056005869060754776
1DYPA,0,"[116, 228]",271,5,26,0.14425839483737946
1DYPA,0,"[116, 228]",271,5,27,0.10824774950742722
1DYPA,0,"[116, 228]",271,5,28,0.32859480381011963
1DYPA,0,"[116, 228]",271,5,29,0.627926230430603
1DYPA,0,"[116, 228]",271,5,30,0.6557169556617737
1DYPA,0,"[116, 228]",271,5,31,0.6034492254257202
1DYPA,0,"[116, 228]",271,5,32,0.5801212191581726
1DYPA,0,"[116, 228]",271,5,33,0.6026791334152222
1DYPA,0,"[116, 228]",271,5,34,0.5685042142868042
1DYPA,0,"[116, 228]",271,5,35,0.5896067023277283
1DYPA,0,"[116, 228]",271,5,36,0.5806300044059753
1DYPA,0,"[116, 228]",271,5,37,0.6037877798080444
1DYPA,0,"[116, 228]",271,5,38,0.6021851301193237
1DYPA,0,"[116, 228]",271,5,39,0.6190863251686096
1DYPA,0,"[116, 228]",271,5,40,0.6336489319801331
1DYPA,0,"[116, 228]",271,5,41,0.6322786211967468
1DYPA,0,"[116, 228]",271,5,42,0.6033658385276794
1DYPA,0,"[116, 228]",271,5,43,0.6108981966972351
1DYPA,0,"[116, 228]",271,5,44,0.6331767439842224
1DYPA,0,"[116, 228]",271,5,45,0.644055187702179
1DYPA,0,"[116, 228]",271,5,46,0.6527395844459534
1DYPA,0,"[116, 228]",271,5,47,0.6603131294250488
1DYPA,0,"[116, 228]",271,5,48,0.649471640586853
1DYPA,0,"[116, 228]",271,5,49,0.6554897427558899
1DYPA,0,"[116, 228]",271,5,50,0.6610469818115234
1DYPA,0,"[116, 228]",271,5,51,0.6497505903244019
1DYPA,0,"[116, 228]",271,5,52,0.6456588506698608
1DYPA,0,"[116, 228]",271,5,53,0.6487986445426941
1DYPA,0,"[116, 228]",271,5,54,0.6595320105552673
1DYPA,0,"[116, 228]",271,5,55,0.6576130390167236
1DYPA,0,"[116, 228]",271,5,56,0.6536161303520203
1DYPA,0,"[116, 228]",271,5,57,0.6313316226005554
1DYPA,0,"[116, 228]",271,5,58,0.6320075392723083
1DYPA,0,"[116, 228]",271,5,59,0.6454709768295288
1DYPA,0,"[116, 228]",271,5,60,0.6412477493286133
1E6UA,0,"[19, 219]",321,5,0,0.0060300687327980995
1E6UA,0,"[19, 219]",321,5,1,0.004422013647854328
1E6UA,0,"[19, 219]",321,5,2,0.005115512292832136
1E6UA,0,"[19, 219]",321,5,3,0.005638865288347006
1E6UA,0,"[19, 219]",321,5,4,0.005783528555184603
1E6UA,0,"[19, 219]",321,5,5,0.006069206167012453
1E6UA,0,"[19, 219]",321,5,6,0.005487422924488783
1E6UA,0,"[19, 219]",321,5,7,0.005378857720643282
1E6UA,0,"[19, 219]",321,5,8,0.005322810262441635
1E6UA,0,"[19, 219]",321,5,9,0.004693272523581982
1E6UA,0,"[19, 219]",321,5,10,0.005296065006405115
1E6UA,0,"[19, 219]",321,5,11,0.0053596957586705685
1E6UA,0,"[19, 219]",321,5,12,0.0052863131277263165
1E6UA,0,"[19, 219]",321,5,13,0.005563567392528057
1E6UA,0,"[19, 219]",321,5,14,0.0050185928121209145
1E6UA,0,"[19, 219]",321,5,15,0.0049855029210448265
1E6UA,0,"[19, 219]",321,5,16,0.00498061953112483
1E6UA,0,"[19, 219]",321,5,17,0.004884072579443455
1E6UA,0,"[19, 219]",321,5,18,0.004771934822201729
1E6UA,0,"[19, 219]",321,5,19,0.004926005844026804
1E6UA,0,"[19, 219]",321,5,20,0.004988481756299734
1E6UA,0,"[19, 219]",321,5,21,0.005463233683258295
1E6UA,0,"[19, 219]",321,5,22,0.0058636534959077835
1E6UA,0,"[19, 219]",321,5,23,0.006134865339845419
1E6UA,0,"[19, 219]",321,5,24,0.006453730631619692
1E6UA,0,"[19, 219]",321,5,25,0.006416944786906242
1E6UA,0,"[19, 219]",321,5,26,0.007179532200098038
1E6UA,0,"[19, 219]",321,5,27,0.006849092897027731
1E6UA,0,"[19, 219]",321,5,28,0.00530991842970252
1E6UA,0,"[19, 219]",321,5,29,0.02604275941848755
1E6UA,0,"[19, 219]",321,5,30,0.021557265892624855
1E6UA,0,"[19, 219]",321,5,31,0.02782098576426506
1E6UA,0,"[19, 219]",321,5,32,0.8365715146064758
1E6UA,0,"[19, 219]",321,5,33,0.9597573280334473
1E6UA,0,"[19, 219]",321,5,34,0.9318391680717468
1E6UA,0,"[19, 219]",321,5,35,0.9992884993553162
1ELUA,0,"[61, 281]",390,5,0,0.004531029146164656
1ELUA,0,"[61, 281]",390,5,1,0.00560284499078989
1ELUA,0,"[61, 281]",390,5,2,0.005019803531467915
1ELUA,0,"[61, 281]",390,5,3,0.005800039507448673
1ELUA,0,"[61, 281]",390,5,4,0.0059390924870967865
1ELUA,0,"[61, 281]",390,5,5,0.006214145105332136
1ELUA,0,"[61, 281]",390,5,6,0.006307168398052454
1ELUA,0,"[61, 281]",390,5,7,0.0066447788849473
1ELUA,0,"[61, 281]",390,5,8,0.0069185481406748295
1ELUA,0,"[61, 281]",390,5,9,0.004677196033298969
1ELUA,0,"[61, 281]",390,5,10,0.006359401624649763
1ELUA,0,"[61, 281]",390,5,11,0.006216377019882202
1ELUA,0,"[61, 281]",390,5,12,0.004820395261049271
1ELUA,0,"[61, 281]",390,5,13,0.004533218219876289
1ELUA,0,"[61, 281]",390,5,14,0.004961981438100338
1ELUA,0,"[61, 281]",390,5,15,0.0046417065896093845
1ELUA,0,"[61, 281]",390,5,16,0.005622872617095709
1ELUA,0,"[61, 281]",390,5,17,0.006842909846454859
1ELUA,0,"[61, 281]",390,5,18,0.007226787507534027
1ELUA,0,"[61, 281]",390,5,19,0.0052452534437179565
1ELUA,0,"[61, 281]",390,5,20,0.005290449131280184
1ELUA,0,"[61, 281]",390,5,21,0.0043051112443208694
1ELUA,0,"[61, 281]",390,5,22,0.004440354648977518
1ELUA,0,"[61, 281]",390,5,23,0.005010424647480249
1ELUA,0,"[61, 281]",390,5,24,0.005006037652492523
1ELUA,0,"[61, 281]",390,5,25,0.0051364777609705925
1ELUA,0,"[61, 281]",390,5,26,0.005564109422266483
1ELUA,0,"[61, 281]",390,5,27,0.005764767061918974
1ELUA,0,"[61, 281]",390,5,28,0.006877576932311058
1ELUA,0,"[61, 281]",390,5,29,0.007081546820700169
1ELUA,0,"[61, 281]",390,5,30,0.006969853769987822
1ELUA,0,"[61, 281]",390,5,31,0.006968820933252573
1ELUA,0,"[61, 281]",390,5,32,0.006854812614619732
1ELUA,0,"[61, 281]",390,5,33,0.006777733564376831
1ELUA,0,"[61, 281]",390,5,34,0.006964900530874729
1ELUA,0,"[61, 281]",390,5,35,0.006863800343126059
1ELUA,0,"[61, 281]",390,5,36,0.00653524324297905
1ELUA,0,"[61, 281]",390,5,37,0.03786548599600792
1ELUA,0,"[61, 281]",390,5,38,0.6876119375228882
1ELUA,0,"[61, 281]",390,5,39,0.6737738847732544
1ELUA,0,"[61, 281]",390,5,40,0.7301528453826904
1ELUA,0,"[61, 281]",390,5,41,0.6183544397354126
1ELUA,0,"[61, 281]",390,5,42,0.6846592426300049
1ELUA,0,"[61, 281]",390,5,43,0.7289183139801025
