protein,target_layer,target_head,source_layer,source_head,source_group,alpha_star,indirect_metric,indirect_drop,indirect_fraction_of_total_drop,pass_c_attn_diff_l1,pass_c_q_norm,pass_c_k_norm,pass_c_ctx_norm,target_total_attn_diff_l1
2B61A,26,16,11,1,,0.25,0.5700075030326843,0.0037869811058044434,0.0156278728837896,8.231175422668457,174.2942657470703,186.4915313720703,80.46744537353516,55.29010772705078
2B61A,26,16,22,14,,0.25,0.5706033110618591,0.0031911730766296387,0.013169130185334249,8.02315902709961,174.3056640625,186.4712371826172,80.49470520019531,55.29010772705078
2B61A,26,16,14,9,,0.25,0.570277750492096,0.0035167336463928223,0.014512632848295747,8.21226692199707,174.31187438964844,186.46307373046875,80.46281433105469,55.29010772705078
2B61A,26,16,11,16,,0.25,0.5706720948219299,0.003122389316558838,0.012885277736953148,10.369714736938477,174.40562438964844,186.48629760742188,80.75316619873047,55.29010772705078
2B61A,26,16,19,0,,0.25,0.5706813931465149,0.003113090991973877,0.01284690600216333,8.348625183105469,174.3141632080078,186.480712890625,80.59822082519531,55.29010772705078
2B61A,26,16,17,18,,0.25,0.5708238482475281,0.0029706358909606934,0.012259031347370584,7.929594993591309,174.26051330566406,186.46087646484375,80.56179809570312,55.29010772705078
2B61A,26,16,14,14,,0.25,0.5704919099807739,0.0033025741577148438,0.013628853084835356,7.841642379760742,174.26205444335938,186.4773712158203,80.50096893310547,55.29010772705078
2B61A,26,16,16,17,,0.25,0.570598840713501,0.003195643424987793,0.013187578134752432,8.128807067871094,174.26385498046875,186.4542236328125,80.43936157226562,55.29010772705078
2B61A,26,16,15,2,,0.25,0.5712606310844421,0.002533853054046631,0.010456543702884706,8.244261741638184,174.24929809570312,186.4613494873047,80.479248046875,55.29010772705078
2B61A,26,16,13,8,,0.25,0.5710020661354065,0.0027924180030822754,0.011523573097232377,8.016374588012695,174.2796630859375,186.45767211914062,80.45718383789062,55.29010772705078
2B61A,26,16,11,6,,0.25,0.5712903738021851,0.002504110336303711,0.010333803346089066,7.886815071105957,174.30946350097656,186.46836853027344,80.51848602294922,55.29010772705078
2B61A,26,16,17,5,,0.25,0.5707170367240906,0.0030774474143981934,0.012699814352135689,7.872354507446289,174.27191162109375,186.4527587890625,80.48777770996094,55.29010772705078
2B61A,26,16,14,0,,0.25,0.5704138875007629,0.00338059663772583,0.013950831295347365,8.0439453125,174.2860107421875,186.4525909423828,80.5452651977539,55.29010772705078
2B61A,26,16,16,15,,0.25,0.5706804990768433,0.003113985061645508,0.012850595592046966,8.240410804748535,174.35084533691406,186.5303955078125,80.55549621582031,55.29010772705078
2B61A,26,16,13,18,,0.25,0.570751428604126,0.003043055534362793,0.012557888127945139,7.753513813018799,174.16571044921875,186.4365692138672,80.41240692138672,55.29010772705078
2B61A,26,16,12,3,,0.25,0.5708661675453186,0.002928316593170166,0.012084390759545123,8.062769889831543,174.20045471191406,186.45254516601562,80.48438262939453,55.29010772705078
2B61A,26,16,14,19,,0.25,0.5706109404563904,0.0031835436820983887,0.013137645684993884,8.162177085876465,174.2667999267578,186.47528076171875,80.44664001464844,55.29010772705078
2B61A,26,16,16,7,,0.25,0.5712593197822571,0.0025351643562316895,0.010461955101380706,8.447165489196777,174.3270721435547,186.4745330810547,80.6252670288086,55.29010772705078
2B61A,26,16,19,15,,0.25,0.5699882507324219,0.0038062334060668945,0.01570732205261724,8.363912582397461,174.23129272460938,186.44369506835938,80.39102935791016,55.29010772705078
2B61A,26,16,14,13,,0.25,0.5703918933868408,0.0034025907516479492,0.014041595206484823,8.062455177307129,174.2511444091797,186.4706573486328,80.45542907714844,55.29010772705078
2B61A,32,13,11,1,,0.25,0.5710888504981995,0.0027056336402893066,0.01116543690586073,7.774941921234131,174.08206176757812,176.7757568359375,109.32286071777344,51.271724700927734
2B61A,32,13,22,14,,0.25,0.5723792314529419,0.001415252685546875,0.0058403748131376455,9.403194427490234,174.1457061767578,176.7300262451172,109.58549499511719,51.271724700927734
2B61A,32,13,14,9,,0.25,0.5716025233268738,0.0021919608116149902,0.009045644531382114,9.461477279663086,174.05650329589844,176.68478393554688,109.47432708740234,51.271724700927734
2B61A,32,13,11,16,,0.25,0.5719529390335083,0.0018415451049804688,0.007599571269655521,9.322004318237305,174.1529541015625,176.6136474609375,109.15755462646484,51.271724700927734
2B61A,32,13,19,0,,0.25,0.5723360180854797,0.0014584660530090332,0.006018704990846742,9.107364654541016,174.0827178955078,176.68128967285156,109.41448211669922,51.271724700927734
2B61A,32,13,17,18,,0.25,0.5722389817237854,0.0015555024147033691,0.006419148479550755,8.875955581665039,174.1161346435547,176.70245361328125,109.38772583007812,51.271724700927734
2B61A,32,13,14,14,,0.25,0.5718636512756348,0.001930832862854004,0.007968038312701351,9.290210723876953,174.11097717285156,176.69740295410156,109.49816131591797,51.271724700927734
2B61A,32,13,16,17,,0.25,0.572553813457489,0.0012406706809997559,0.005119920895192895,9.298513412475586,174.0828094482422,176.65814208984375,109.4131851196289,51.271724700927734
2B61A,32,13,15,2,,0.25,0.572691798210144,0.0011026859283447266,0.004550494189818331,9.309203147888184,174.1009063720703,176.67994689941406,109.48255920410156,51.271724700927734
2B61A,32,13,13,8,,0.25,0.5723284482955933,0.0014660358428955078,0.006049943518528198,9.5205659866333,174.12059020996094,176.7243194580078,109.5267333984375,51.271724700927734
2B61A,32,13,11,6,,0.25,0.5721926093101501,0.001601874828338623,0.006610515208182035,8.095699310302734,174.0501251220703,176.7014923095703,109.16692352294922,51.271724700927734
2B61A,32,13,17,5,,0.25,0.5721978545188904,0.0015966296195983887,0.006588869614198034,9.264664649963379,174.13967895507812,176.7421112060547,109.53973388671875,51.271724700927734
2B61A,32,13,14,0,,0.25,0.5720929503440857,0.0017015337944030762,0.007021781493878048,8.825325012207031,174.07528686523438,176.72186279296875,109.3870620727539,51.271724700927734
2B61A,32,13,16,15,,0.25,0.5721402764320374,0.001654207706451416,0.006826479202704223,9.004006385803223,174.10479736328125,176.71368408203125,109.47282409667969,51.271724700927734
2B61A,32,13,13,18,,0.25,0.572542130947113,0.0012523531913757324,0.0051681315363390785,9.22711181640625,174.10000610351562,176.6712188720703,109.4994125366211,51.271724700927734
2B61A,32,13,12,3,,0.25,0.5723152756690979,0.0014792084693908691,0.006104303476147109,9.3034086227417,174.08641052246094,176.6909942626953,109.5099868774414,51.271724700927734
2B61A,32,13,14,19,,0.25,0.5725274682044983,0.0012670159339904785,0.005228640810430717,8.84846019744873,174.12168884277344,176.69297790527344,109.39402770996094,51.271724700927734
2B61A,32,13,16,7,,0.25,0.5724999308586121,0.001294553279876709,0.00534228017884672,9.60919189453125,174.1150360107422,176.70172119140625,109.56167602539062,51.271724700927734
2B61A,32,13,19,15,,0.25,0.5714064836502075,0.00238800048828125,0.009854648606534141,9.450041770935059,174.1063995361328,176.72500610351562,109.46456909179688,51.271724700927734
2B61A,32,13,14,13,,0.25,0.5724132657051086,0.001381218433380127,0.00569992442490055,9.245230674743652,174.10836791992188,176.7073516845703,109.45964050292969,51.271724700927734
2B61A,32,18,11,1,,0.25,0.5711714029312134,0.0026230812072753906,0.010824764773271626,8.979766845703125,170.03720092773438,210.6959686279297,205.36181640625,71.75942993164062
2B61A,32,18,22,14,,0.25,0.5714820027351379,0.00231248140335083,0.009543001247696312,9.537145614624023,170.09921264648438,210.79122924804688,205.5167236328125,71.75942993164062
2B61A,32,18,14,9,,0.25,0.57110995054245,0.0026845335960388184,0.011078362584606908,9.197427749633789,170.03158569335938,210.65415954589844,205.078857421875,71.75942993164062
2B61A,32,18,11,16,,0.25,0.5707701444625854,0.0030243396759033203,0.012480652713047682,11.394238471984863,170.0122528076172,210.7757568359375,205.639404296875,71.75942993164062
2B61A,32,18,19,0,,0.25,0.5716022253036499,0.002192258834838867,0.00904687439467666,9.454974174499512,170.06756591796875,210.71942138671875,205.2360076904297,71.75942993164062
2B61A,32,18,17,18,,0.25,0.5712973475456238,0.0024971365928649902,0.010305024544996702,9.451796531677246,170.073974609375,210.74566650390625,205.467041015625,71.75942993164062
2B61A,32,18,14,14,,0.25,0.5713450908660889,0.0024493932723999023,0.010108000445210513,9.631790161132812,170.10787963867188,210.75137329101562,205.44288635253906,71.75942993164062
2B61A,32,18,16,17,,0.25,0.5715436339378357,0.002250850200653076,0.009288665518384304,9.264321327209473,170.06698608398438,210.731201171875,205.2322235107422,71.75942993164062
2B61A,32,18,15,2,,0.25,0.5720407366752625,0.0017537474632263184,0.007237253543082418,9.553483009338379,170.09095764160156,210.75180053710938,205.4415740966797,71.75942993164062
2B61A,32,18,13,8,,0.25,0.5715397596359253,0.0022547245025634766,0.009304653741213396,9.265769004821777,170.06988525390625,210.70217895507812,205.34413146972656,71.75942993164062
2B61A,32,18,11,6,,0.25,0.5716424584388733,0.0021520256996154785,0.008880842849913018,9.37794017791748,169.8780059814453,210.61436462402344,204.8856201171875,71.75942993164062
2B61A,32,18,17,5,,0.25,0.5715038776397705,0.0022906064987182617,0.009452729281876673,9.452077865600586,170.07093811035156,210.75381469726562,205.35238647460938,71.75942993164062
2B61A,32,18,14,0,,0.25,0.5717215538024902,0.002072930335998535,0.008554437131540643,9.104866981506348,170.04647827148438,210.6947479248047,205.24855041503906,71.75942993164062
2B61A,32,18,16,15,,0.25,0.5713075399398804,0.0024869441986083984,0.010262963220323246,9.09865665435791,170.0843048095703,210.7504119873047,205.33306884765625,71.75942993164062
2B61A,32,18,13,18,,0.25,0.5715518593788147,0.0022426247596740723,0.009254721291454849,9.87019157409668,170.10401916503906,210.83343505859375,205.49893188476562,71.75942993164062
2B61A,32,18,12,3,,0.25,0.5714539289474487,0.002340555191040039,0.009658854370042498,9.241066932678223,170.1129150390625,210.7344970703125,205.26788330078125,71.75942993164062
2B61A,32,18,14,19,,0.25,0.5716696977615356,0.002124786376953125,0.008768433344791559,9.400836944580078,170.04930114746094,210.70111083984375,205.225830078125,71.75942993164062
2B61A,32,18,16,7,,0.25,0.5718095302581787,0.0019849538803100586,0.008191381486990813,9.412662506103516,170.0473175048828,210.7156982421875,205.2578125,71.75942993164062
2B61A,32,18,19,15,,0.25,0.5701014399528503,0.0036930441856384277,0.015240219973348863,9.669449806213379,170.11483764648438,210.7897186279297,205.3307342529297,71.75942993164062
2B61A,32,18,14,13,,0.25,0.571411669254303,0.002382814884185791,0.009833248985209049,9.529294967651367,170.09222412109375,210.76181030273438,205.3017578125,71.75942993164062
2B61A,30,1,11,1,,0.25,0.5722030401229858,0.0015914440155029297,0.006567469992872942,12.981327056884766,175.3387908935547,184.0616455078125,95.75794219970703,66.11669158935547
2B61A,30,1,22,14,,0.25,0.5732526779174805,0.0005418062210083008,0.0022358914694837096,13.019115447998047,175.38885498046875,183.97125244140625,95.68804168701172,66.11669158935547
2B61A,30,1,14,9,,0.25,0.5732492804527283,0.000545203685760498,0.002249911911041528,12.539974212646484,175.4191436767578,183.95318603515625,95.74193572998047,66.11669158935547
2B61A,30,1,11,16,,0.25,0.5729061365127563,0.0008883476257324219,0.003665976508381211,14.232759475708008,175.3834991455078,184.04336547851562,95.9991226196289,66.11669158935547
2B61A,30,1,19,0,,0.25,0.5733547210693359,0.00043976306915283203,0.0018147862774313321,12.106218338012695,175.3734893798828,183.93028259277344,95.76847839355469,66.11669158935547
2B61A,30,1,17,18,,0.25,0.5732107758522034,0.0005837082862854004,0.002408810248696806,13.371265411376953,175.3589324951172,183.93179321289062,95.7086410522461,66.11669158935547
2B61A,30,1,14,14,,0.25,0.573227047920227,0.0005674362182617188,0.0023416597128146223,12.692380905151367,175.3748321533203,183.96603393554688,95.66151428222656,66.11669158935547
2B61A,30,1,16,17,,0.25,0.5732137560844421,0.0005807280540466309,0.002396511615751351,12.307910919189453,175.36529541015625,183.957763671875,95.64543151855469,66.11669158935547
2B61A,30,1,15,2,,0.25,0.5738298892974854,-3.540515899658203e-05,-0.0001461077593920048,13.054141998291016,175.3399200439453,183.9524383544922,95.64036560058594,66.11669158935547
2B61A,30,1,13,8,,0.25,0.5733084082603455,0.00048607587814331055,0.002005907033403702,13.253490447998047,175.39913940429688,183.9105987548828,95.65129089355469,66.11669158935547
2B61A,30,1,11,6,,0.25,0.5738709568977356,-7.647275924682617e-05,-0.000315582921380374,12.508583068847656,175.26649475097656,183.94625854492188,95.71610260009766,66.11669158935547
2B61A,30,1,17,5,,0.25,0.5731508135795593,0.0006436705589294434,0.00265625874355936,12.904245376586914,175.38063049316406,183.97833251953125,95.70120239257812,66.11669158935547
2B61A,30,1,14,0,,0.25,0.5728638172149658,0.0009306669235229492,0.0038406170962066713,12.767520904541016,175.32630920410156,183.91189575195312,95.7449722290039,66.11669158935547
2B61A,30,1,16,15,,0.25,0.5731469392776489,0.0006475448608398438,0.002672246966388451,11.762054443359375,175.29783630371094,183.95091247558594,95.6502914428711,66.11669158935547
2B61A,30,1,13,18,,0.25,0.5732325315475464,0.0005619525909423828,0.002319030228194985,12.777202606201172,175.27804565429688,183.93504333496094,95.7258529663086,66.11669158935547
2B61A,30,1,12,3,,0.25,0.5730223655700684,0.0007721185684204102,0.003186329823508468,13.253905296325684,175.36279296875,183.895751953125,95.76506042480469,66.11669158935547
2B61A,30,1,14,19,,0.25,0.5732424855232239,0.0005519986152648926,0.0022779527941571656,12.340974807739258,175.3397979736328,183.9232940673828,95.67865753173828,66.11669158935547
2B61A,30,1,16,7,,0.25,0.5740119218826294,-0.000217437744140625,-0.000897308259700393,13.511017799377441,175.357421875,183.9799346923828,95.64800262451172,66.11669158935547
2B61A,30,1,19,15,,0.25,0.572219729423523,0.0015747547149658203,0.006498597648378394,12.914966583251953,175.3857421875,183.9377899169922,95.67739868164062,66.11669158935547
2B61A,30,1,14,13,,0.25,0.5730857253074646,0.0007087588310241699,0.0029248608870880957,12.864444732666016,175.35879516601562,183.98045349121094,95.63133239746094,66.11669158935547
2B61A,27,15,11,1,,0.25,0.5732946991920471,0.0004997849464416504,0.002062480744952795,7.512640476226807,174.65065002441406,169.4244842529297,77.29503631591797,52.31636428833008
2B61A,27,15,22,14,,0.25,0.5738217830657959,-2.7298927307128906e-05,-0.00011265547778036732,8.092549324035645,174.69857788085938,169.40179443359375,77.37980651855469,52.31636428833008
2B61A,27,15,14,9,,0.25,0.573544979095459,0.00024950504302978516,0.0010296415501934882,7.714344024658203,174.63511657714844,169.34524536132812,77.25164794921875,52.31636428833008
2B61A,27,15,11,16,,0.25,0.5739473700523376,-0.00015288591384887695,-0.0006309198701018389,10.072290420532227,174.65440368652344,169.18991088867188,76.65773010253906,52.31636428833008
2B61A,27,15,19,0,,0.25,0.5739421844482422,-0.00014770030975341797,-0.0006095202487767473,7.698075294494629,174.67446899414062,169.35824584960938,77.27882385253906,52.31636428833008
2B61A,27,15,17,18,,0.25,0.5738314390182495,-3.695487976074219e-05,-0.00015250304852364136,7.825953483581543,174.61573791503906,169.397216796875,77.30493927001953,52.31636428833008
2B61A,27,15,14,14,,0.25,0.5736318230628967,0.00016266107559204102,0.0006712593861629311,7.939813613891602,174.6626739501953,169.38980102539062,77.37841796875,52.31636428833008
2B61A,27,15,16,17,,0.25,0.5738357305526733,-4.124641418457031e-05,-0.00017021307996509648,7.85528039932251,174.69264221191406,169.38731384277344,77.29724884033203,52.31636428833008
2B61A,27,15,15,2,,0.25,0.574224591255188,-0.00043010711669921875,-0.0017749387066880581,7.871013641357422,174.65988159179688,169.38485717773438,77.28534698486328,52.31636428833008
2B61A,27,15,13,8,,0.25,0.5739651322364807,-0.00017064809799194336,-0.0007042197224567503,7.74528169631958,174.7037353515625,169.40325927734375,77.29891967773438,52.31636428833008
2B61A,27,15,11,6,,0.25,0.5740829110145569,-0.00028842687606811523,-0.0011902616964611298,7.578539848327637,174.71754455566406,169.3706817626953,77.22762298583984,52.31636428833008
2B61A,27,15,17,5,,0.25,0.5738139748573303,-1.9490718841552734e-05,-8.043305946327536e-05,7.796259880065918,174.6719512939453,169.399658203125,77.33187866210938,52.31636428833008
2B61A,27,15,14,0,,0.25,0.57398521900177,-0.00019073486328125,-0.0007871125085091166,7.881413459777832,174.67758178710938,169.3787841796875,77.33038330078125,52.31636428833008
2B61A,27,15,16,15,,0.25,0.5738233923912048,-2.8908252716064453e-05,-0.00011929673957091299,7.857292175292969,174.66525268554688,169.38526916503906,77.39930725097656,52.31636428833008
2B61A,27,15,13,18,,0.25,0.5738940238952637,-9.953975677490234e-05,-0.0004107743403781953,7.913840293884277,174.6085205078125,169.3982391357422,77.22358703613281,52.31636428833008
2B61A,27,15,12,3,,0.25,0.5740475654602051,-0.0002530813217163086,-0.0010443999097280341,8.130284309387207,174.61187744140625,169.37115478515625,77.27650451660156,52.31636428833008
2B61A,27,15,14,19,,0.25,0.573839545249939,-4.506111145019531e-05,-0.0001859553301352788,7.883144855499268,174.62667846679688,169.39540100097656,77.37528228759766,52.31636428833008
2B61A,27,15,16,7,,0.25,0.5735957622528076,0.00019872188568115234,0.000820072844802936,8.102128028869629,174.6737518310547,169.3781280517578,77.38817596435547,52.31636428833008
2B61A,27,15,19,15,,0.25,0.5733591914176941,0.00043529272079467773,0.0017963383280131496,8.321555137634277,174.66259765625,169.3991241455078,77.34907531738281,52.31636428833008
2B61A,27,15,14,13,,0.25,0.5739251971244812,-0.00013071298599243164,-0.000539418040987654,7.802702903747559,174.62828063964844,169.39427185058594,77.3499526977539,52.31636428833008
1PVGA,26,16,13,2,INTRA,0.25,0.592412531375885,-0.0002824068069458008,-0.0011275409980022915,11.507304191589355,175.28306579589844,195.24911499023438,83.4415283203125,45.63057327270508
1PVGA,26,16,17,10,INTRA,0.25,0.5919390320777893,0.00019109249114990234,0.000762958302996063,11.350091934204102,175.30015563964844,195.2421112060547,83.38385772705078,45.63057327270508
1PVGA,26,16,14,4,CROSS,0.25,0.592367947101593,-0.0002378225326538086,-0.0009495332591872399,11.406023025512695,175.33926391601562,195.2598876953125,83.38961029052734,45.63057327270508
1PVGA,26,16,15,8,CROSS,0.25,0.5923724174499512,-0.0002422928810119629,-0.0009673816287208347,11.454449653625488,175.3524169921875,195.22286987304688,83.46763610839844,45.63057327270508
1PVGA,26,16,11,14,ANCHOR,0.25,0.5921727418899536,-4.26173210144043e-05,-0.0001701544562202698,13.138833045959473,175.2859344482422,195.158447265625,83.23347473144531,45.63057327270508
1PVGA,26,16,11,16,ANCHOR,0.25,0.5921403169631958,-1.0192394256591797e-05,-4.0694282536596e-05,14.334280014038086,175.10821533203125,195.16937255859375,82.69891357421875,45.63057327270508
1PVGA,26,16,12,10,ANCHOR,0.25,0.5923691391944885,-0.0002390146255493164,-0.0009542928243961986,11.231039047241211,175.33212280273438,195.2322540283203,83.44140625,45.63057327270508
1PVGA,26,16,12,15,ANCHOR,0.25,0.5922339558601379,-0.00010383129119873047,-0.00041455812970029373,11.651970863342285,175.29515075683594,195.2216339111328,83.32453918457031,45.63057327270508
1PVGA,26,16,13,18,ANCHOR,0.25,0.5917242169380188,0.00040590763092041016,0.0016206319536504021,11.089407920837402,175.2515869140625,195.32864379882812,83.38172912597656,45.63057327270508
1PVGA,26,16,14,9,ANCHOR,0.25,0.5921294093132019,7.152557373046875e-07,2.8557391253751576e-06,12.073951721191406,175.3258514404297,195.1542205810547,83.39207458496094,45.63057327270508
1PVGA,26,16,17,18,ANCHOR,0.25,0.5921595096588135,-2.9385089874267578e-05,-0.00011732328240082941,11.507612228393555,175.37548828125,195.2174072265625,83.5162582397461,45.63057327270508
1PVGA,26,16,12,8,OTHER,0.25,0.5923973917961121,-0.00026726722717285156,-0.0010670945198485173,11.688182830810547,175.3964385986328,195.23812866210938,83.50334930419922,45.63057327270508
1PVGA,26,16,13,17,OTHER,0.25,0.5922566652297974,-0.0001265406608581543,-0.000505227846930955,11.30972671508789,175.3681182861328,195.23194885253906,83.4280014038086,45.63057327270508
1PVGA,26,16,14,0,OTHER,0.25,0.592336118221283,-0.00020599365234375,-0.0008224528681080455,11.40467643737793,175.3013916015625,195.24526977539062,83.43328857421875,45.63057327270508
1PVGA,26,16,14,3,OTHER,0.25,0.5923499464988708,-0.00021982192993164062,-0.0008776638245319652,11.26364803314209,175.3104705810547,195.24745178222656,83.39952850341797,45.63057327270508
1PVGA,26,16,16,7,OTHER,0.25,0.5923380851745605,-0.0002079606056213379,-0.0008303061507028271,11.792724609375,175.3140411376953,195.2180938720703,83.41297149658203,45.63057327270508
1PVGA,26,16,16,14,OTHER,0.25,0.592252254486084,-0.0001221299171447754,-0.00048761745565780823,11.436184883117676,175.37921142578125,195.21945190429688,83.5771255493164,45.63057327270508
1PVGA,26,16,20,3,OTHER,0.25,0.5922031998634338,-7.30752944946289e-05,-0.000291761347309162,11.381853103637695,175.3134002685547,195.2300262451172,83.4338150024414,45.63057327270508
1PVGA,26,16,21,13,OTHER,0.25,0.5924140214920044,-0.00028389692306518555,-0.0011334904545134898,11.269912719726562,175.3151092529297,195.23681640625,83.41575622558594,45.63057327270508
1PVGA,26,16,24,18,OTHER,0.25,0.5922064781188965,-7.635354995727539e-05,-0.0003048501516337981,11.446853637695312,175.43984985351562,195.27761840820312,83.50505828857422,45.63057327270508
1PVGA,27,15,13,2,INTRA,0.25,0.5947175025939941,-0.0025873780250549316,-0.010330398307784186,13.507711410522461,179.85313415527344,185.6175537109375,69.84315490722656,54.125038146972656
1PVGA,27,15,17,10,INTRA,0.25,0.592779278755188,-0.0006491541862487793,-0.0025918212345384037,13.548016548156738,179.87013244628906,185.5885772705078,69.798583984375,54.125038146972656
1PVGA,27,15,14,4,CROSS,0.25,0.5942787528038025,-0.0021486282348632812,-0.008578640332626975,13.406015396118164,179.98895263671875,185.60824584960938,69.90213012695312,54.125038146972656
1PVGA,27,15,15,8,CROSS,0.25,0.5939800143241882,-0.0018498897552490234,-0.00738589329126195,13.540382385253906,179.9134979248047,185.5707244873047,69.79312896728516,54.125038146972656
1PVGA,27,15,11,14,ANCHOR,0.25,0.5948089957237244,-0.0026788711547851562,-0.010695694937571758,14.190850257873535,179.91661071777344,185.61599731445312,69.77388763427734,54.125038146972656
1PVGA,27,15,11,16,ANCHOR,0.25,0.5953279733657837,-0.0031978487968444824,-0.012767771651291882,15.872751235961914,179.92433166503906,185.5272216796875,69.71627044677734,54.125038146972656
1PVGA,27,15,12,10,ANCHOR,0.25,0.5960802435874939,-0.0039501190185546875,-0.015771295276405205,12.931317329406738,179.87921142578125,185.5550537109375,69.7987060546875,54.125038146972656
1PVGA,27,15,12,15,ANCHOR,0.25,0.59520024061203,-0.0030701160430908203,-0.01225778423915197,13.562200546264648,179.85479736328125,185.5892791748047,69.79877471923828,54.125038146972656
1PVGA,27,15,13,18,ANCHOR,0.25,0.5933725237846375,-0.0012423992156982422,-0.004960418860776649,13.121971130371094,179.77040100097656,185.57220458984375,69.70447540283203,54.125038146972656
1PVGA,27,15,14,9,ANCHOR,0.25,0.5935344696044922,-0.0014043450355529785,-0.005607005794413675,13.347977638244629,179.8408203125,185.5149383544922,69.7921371459961,54.125038146972656
1PVGA,27,15,17,18,ANCHOR,0.25,0.5942560434341431,-0.0021259188652038574,-0.008487970615396313,13.740434646606445,179.9050750732422,185.64312744140625,69.91070556640625,54.125038146972656
1PVGA,27,15,12,8,OTHER,0.25,0.5949340462684631,-0.0028039216995239258,-0.011194973327991515,13.386377334594727,179.90789794921875,185.58746337890625,69.87271118164062,54.125038146972656
1PVGA,27,15,13,17,OTHER,0.25,0.5943776965141296,-0.0022475719451904297,-0.008973684244970538,13.23886489868164,179.8994140625,185.60018920898438,69.9063720703125,54.125038146972656
1PVGA,27,15,14,0,OTHER,0.25,0.594390869140625,-0.002260744571685791,-0.00902627744052953,13.219032287597656,179.83596801757812,185.6131134033203,69.83928680419922,54.125038146972656
1PVGA,27,15,14,3,OTHER,0.25,0.5950131416320801,-0.002883017063140869,-0.011510770479605918,13.282670974731445,179.88320922851562,185.61866760253906,69.90653228759766,54.125038146972656
1PVGA,27,15,16,7,OTHER,0.25,0.5940821766853333,-0.001952052116394043,-0.007793788029669702,13.356000900268555,179.87063598632812,185.56394958496094,69.884033203125,54.125038146972656
1PVGA,27,15,16,14,OTHER,0.25,0.593939483165741,-0.0018093585968017578,-0.0072240680741573575,13.493961334228516,179.93157958984375,185.59341430664062,69.84400177001953,54.125038146972656
1PVGA,27,15,20,3,OTHER,0.25,0.5940577387809753,-0.0019276142120361328,-0.00769621694288605,13.301565170288086,179.88427734375,185.61373901367188,69.88521575927734,54.125038146972656
1PVGA,27,15,21,13,OTHER,0.25,0.595682680606842,-0.003552556037902832,-0.014183980279217513,13.223912239074707,179.89231872558594,185.62596130371094,69.86993408203125,54.125038146972656
1PVGA,27,15,24,18,OTHER,0.25,0.5942192673683167,-0.0020891427993774414,-0.00834113802869994,13.212956428527832,179.92489624023438,185.66236877441406,69.92418670654297,54.125038146972656
1PVGA,29,18,13,2,INTRA,0.25,0.5920959711074829,3.415346145629883e-05,0.0001363615432366638,12.517093658447266,173.9618377685547,184.47914123535156,87.44506072998047,57.52206802368164
1PVGA,29,18,17,10,INTRA,0.25,0.5916106104850769,0.0005195140838623047,0.0020742185180641563,12.316587448120117,173.98486328125,184.44692993164062,87.44937896728516,57.52206802368164
1PVGA,29,18,14,4,CROSS,0.25,0.592287003993988,-0.00015687942504882812,-0.0006263587814989513,12.510395050048828,174.0467071533203,184.4725341796875,87.50138854980469,57.52206802368164
1PVGA,29,18,15,8,CROSS,0.25,0.5922015309333801,-7.140636444091797e-05,-0.0002850979560166199,12.343255043029785,174.00680541992188,184.4579620361328,87.53116607666016,57.52206802368164
1PVGA,29,18,11,14,ANCHOR,0.25,0.5921744704246521,-4.4345855712890625e-05,-0.0001770558257732598,13.618973731994629,174.09629821777344,184.35752868652344,87.46939849853516,57.52206802368164
1PVGA,29,18,11,16,ANCHOR,0.25,0.5921590328216553,-2.8908252716064453e-05,-0.00011541945631724597,14.036136627197266,173.9401092529297,184.229736328125,87.43450164794922,57.52206802368164
1PVGA,29,18,12,10,ANCHOR,0.25,0.5923953056335449,-0.0002651810646057129,-0.0010587652807328397,12.116119384765625,173.991943359375,184.42364501953125,87.48316192626953,57.52206802368164
1PVGA,29,18,12,15,ANCHOR,0.25,0.59208083152771,4.929304122924805e-05,0.00019680802139043795,13.070928573608398,173.9845428466797,184.40188598632812,87.49346923828125,57.52206802368164
1PVGA,29,18,13,18,ANCHOR,0.25,0.5919787287712097,0.0001513957977294922,0.0006044647815377417,12.200033187866211,173.8995819091797,184.4549560546875,87.40312194824219,57.52206802368164
1PVGA,29,18,14,9,ANCHOR,0.25,0.5921322703361511,-2.1457672119140625e-06,-8.567217376125473e-06,12.791122436523438,173.98574829101562,184.4311981201172,87.51448059082031,57.52206802368164
1PVGA,29,18,17,18,ANCHOR,0.25,0.5922408699989319,-0.00011074542999267578,-0.0004421636079122536,12.42905330657959,173.97805786132812,184.45326232910156,87.51048278808594,57.52206802368164
1PVGA,29,18,12,8,OTHER,0.25,0.5924279093742371,-0.00029778480529785156,-0.0011889393891978573,12.31384563446045,173.9962158203125,184.48875427246094,87.48468780517578,57.52206802368164
1PVGA,29,18,13,17,OTHER,0.25,0.5920591950416565,7.092952728271484e-05,0.0002831941299330365,12.439583778381348,174.0811767578125,184.49539184570312,87.52555847167969,57.52206802368164
1PVGA,29,18,14,0,OTHER,0.25,0.5922418832778931,-0.00011175870895385742,-0.00044620923833986844,12.651815414428711,173.96482849121094,184.43292236328125,87.49607849121094,57.52206802368164
1PVGA,29,18,14,3,OTHER,0.25,0.5921348333358765,-4.708766937255859e-06,-1.8800282575386456e-05,12.366190910339355,174.00103759765625,184.45159912109375,87.51153564453125,57.52206802368164
1PVGA,29,18,16,7,OTHER,0.25,0.5922918319702148,-0.00016170740127563477,-0.0006456350205952336,12.721110343933105,173.9902801513672,184.46694946289062,87.5262222290039,57.52206802368164
1PVGA,29,18,16,14,OTHER,0.25,0.5922639966011047,-0.00013387203216552734,-0.0005344991729660504,12.283577919006348,174.04202270507812,184.51475524902344,87.4714126586914,57.52206802368164
1PVGA,29,18,20,3,OTHER,0.25,0.5921708941459656,-4.076957702636719e-05,-0.000162777130146384,12.435356140136719,174.0017547607422,184.4750518798828,87.46722412109375,57.52206802368164
1PVGA,29,18,21,13,OTHER,0.25,0.592633068561554,-0.0005029439926147461,-0.002008060561659632,12.494088172912598,173.9775390625,184.43600463867188,87.52784729003906,57.52206802368164
1PVGA,29,18,24,18,OTHER,0.25,0.592271625995636,-0.00014150142669677734,-0.0005649603903033854,12.314469337463379,174.00892639160156,184.4722137451172,87.43025207519531,57.52206802368164
1PVGA,32,13,13,2,INTRA,0.25,0.5912781953811646,0.0008519291877746582,0.0034014232765822608,14.459142684936523,172.90603637695312,175.07894897460938,105.05555725097656,59.21650695800781
1PVGA,32,13,17,10,INTRA,0.25,0.5910696387290955,0.00106048583984375,0.004234109209889567,13.915389060974121,172.91282653808594,175.08746337890625,105.1238784790039,59.21650695800781
1PVGA,32,13,14,4,CROSS,0.25,0.591468334197998,0.0006617903709411621,0.0026422726257533647,14.103205680847168,172.92901611328125,175.09765625,104.97322845458984,59.21650695800781
1PVGA,32,13,15,8,CROSS,0.25,0.5913366675376892,0.00079345703125,0.003167966603082842,14.241843223571777,172.91961669921875,175.09451293945312,105.01175689697266,59.21650695800781
1PVGA,32,13,11,14,ANCHOR,0.25,0.5909538269042969,0.001176297664642334,0.004696500969939895,14.71682357788086,172.97792053222656,175.17124938964844,105.48974609375,59.21650695800781
1PVGA,32,13,11,16,ANCHOR,0.25,0.5906102657318115,0.0015198588371276855,0.006068207663161762,17.598115921020508,172.7987518310547,175.02056884765625,104.51988220214844,59.21650695800781
1PVGA,32,13,12,10,ANCHOR,0.25,0.5916942954063416,0.00043582916259765625,0.0017400970403952628,14.102298736572266,172.9169158935547,175.05120849609375,105.17683410644531,59.21650695800781
1PVGA,32,13,12,15,ANCHOR,0.25,0.5915185213088989,0.0006116032600402832,0.0024418949304562078,14.529318809509277,172.8980255126953,175.10011291503906,105.0045394897461,59.21650695800781
1PVGA,32,13,13,18,ANCHOR,0.25,0.591353714466095,0.0007764101028442383,0.0030999048205947338,13.410512924194336,172.9295196533203,175.11248779296875,105.34209442138672,59.21650695800781
1PVGA,32,13,14,9,ANCHOR,0.25,0.591356635093689,0.0007734894752502441,0.0030882438858327852,14.7139892578125,172.92642211914062,175.08753967285156,105.04876708984375,59.21650695800781
1PVGA,32,13,17,18,ANCHOR,0.25,0.5913626551628113,0.0007674694061279297,0.0030642080815275444,14.07801628112793,172.94947814941406,175.1017608642578,105.16704559326172,59.21650695800781
1PVGA,32,13,12,8,OTHER,0.25,0.5913224816322327,0.000807642936706543,0.003224605429069449,14.000553131103516,172.96112060546875,175.07188415527344,105.12574005126953,59.21650695800781
1PVGA,32,13,13,17,OTHER,0.25,0.5913384556770325,0.0007916688919067383,0.003160827255269404,14.192116737365723,172.93080139160156,175.10385131835938,105.1357650756836,59.21650695800781
1PVGA,32,13,14,0,OTHER,0.25,0.5910795331001282,0.0010505914688110352,0.004194604818655211,14.160179138183594,172.9189453125,175.10708618164062,105.0351791381836,59.21650695800781
1PVGA,32,13,14,3,OTHER,0.25,0.591315746307373,0.0008143782615661621,0.0032514969725000653,13.998756408691406,172.95965576171875,175.1011962890625,105.2278060913086,59.21650695800781
1PVGA,32,13,16,7,OTHER,0.25,0.591387152671814,0.0007429718971252441,0.002966399016483445,14.406654357910156,172.90367126464844,175.09747314453125,105.13585662841797,59.21650695800781
1PVGA,32,13,16,14,OTHER,0.25,0.5914825797080994,0.0006475448608398438,0.0025853958215063095,14.193679809570312,172.91709899902344,175.09512329101562,105.16755676269531,59.21650695800781
1PVGA,32,13,20,3,OTHER,0.25,0.5913431644439697,0.0007869601249694824,0.0031420269726940174,14.328801155090332,172.9225311279297,175.0892791748047,105.02598571777344,59.21650695800781
1PVGA,32,13,21,13,OTHER,0.25,0.5917429327964783,0.0003871917724609375,0.0015459067798697522,14.209443092346191,172.89724731445312,175.06442260742188,105.04792785644531,59.21650695800781
1PVGA,32,13,24,18,OTHER,0.25,0.5913248062133789,0.0008053183555603027,0.0032153242769119798,14.038434028625488,172.93304443359375,175.10763549804688,104.98799133300781,59.21650695800781
1PVGA,32,18,13,2,INTRA,0.25,0.5883773565292358,0.003752768039703369,0.014983349256062109,20.182117462158203,178.61903381347656,219.0297393798828,208.82806396484375,68.26904296875
1PVGA,32,18,17,10,INTRA,0.25,0.5877784490585327,0.004351675510406494,0.01737455481704291,19.212081909179688,178.56195068359375,219.05093383789062,208.76333618164062,68.26904296875
1PVGA,32,18,14,4,CROSS,0.25,0.5880486965179443,0.004081428050994873,0.016295561384171993,19.527835845947266,178.5509796142578,219.01382446289062,208.7113494873047,68.26904296875
1PVGA,32,18,15,8,CROSS,0.25,0.5880548357963562,0.004075288772583008,0.016271049623345857,19.376604080200195,178.53965759277344,218.99559020996094,208.6981201171875,68.26904296875
1PVGA,32,18,11,14,ANCHOR,0.25,0.58770751953125,0.004422605037689209,0.017657748946975946,20.786968231201172,178.67372131347656,219.09432983398438,208.4295196533203,68.26904296875
1PVGA,32,18,11,16,ANCHOR,0.25,0.5876791477203369,0.004450976848602295,0.01777102659894916,26.877426147460938,178.49717712402344,218.7163848876953,208.43069458007812,68.26904296875
1PVGA,32,18,12,10,ANCHOR,0.25,0.5895358324050903,0.002594292163848877,0.010358003785996146,19.25302505493164,178.63729858398438,219.06251525878906,208.85958862304688,68.26904296875
1PVGA,32,18,12,15,ANCHOR,0.25,0.5882665514945984,0.0038635730743408203,0.015425750842234812,19.674636840820312,178.5853271484375,219.05084228515625,208.66122436523438,68.26904296875
1PVGA,32,18,13,18,ANCHOR,0.25,0.5881815552711487,0.003948569297790527,0.01576510784163356,18.657344818115234,178.59169006347656,219.10997009277344,208.80209350585938,68.26904296875
1PVGA,32,18,14,9,ANCHOR,0.25,0.5881112217903137,0.004018902778625488,0.016045922188962117,20.66360855102539,178.6127166748047,219.02008056640625,208.8310546875,68.26904296875
1PVGA,32,18,17,18,ANCHOR,0.25,0.5880963206291199,0.004033803939819336,0.0161054167540741,19.433124542236328,178.615966796875,219.07090759277344,209.0499725341797,68.26904296875
1PVGA,32,18,12,8,OTHER,0.25,0.5883175134658813,0.0038126111030578613,0.015222279429551832,19.890953063964844,178.59970092773438,219.0526123046875,208.88037109375,68.26904296875
1PVGA,32,18,13,17,OTHER,0.25,0.5880226492881775,0.004107475280761719,0.01639955788398774,19.61697006225586,178.58705139160156,219.07809448242188,208.84628295898438,68.26904296875
1PVGA,32,18,14,0,OTHER,0.25,0.5882666110992432,0.003863513469696045,0.015425512863974363,19.351497650146484,178.57855224609375,219.03314208984375,208.67889404296875,68.26904296875
1PVGA,32,18,14,3,OTHER,0.25,0.5883083939552307,0.003821730613708496,0.015258690103400365,19.380706787109375,178.60983276367188,219.04542541503906,208.80755615234375,68.26904296875
1PVGA,32,18,16,7,OTHER,0.25,0.5881423950195312,0.003987729549407959,0.01592145955874785,20.349767684936523,178.5398406982422,219.03915405273438,208.76321411132812,68.26904296875
1PVGA,32,18,16,14,OTHER,0.25,0.5882565975189209,0.0038735270500183105,0.015465493211729615,19.69913673400879,178.5657196044922,219.05154418945312,208.70791625976562,68.26904296875
1PVGA,32,18,20,3,OTHER,0.25,0.5881698727607727,0.003960251808166504,0.015811751580681353,19.68355369567871,178.57164001464844,219.03280639648438,208.8332061767578,68.26904296875
1PVGA,32,18,21,13,OTHER,0.25,0.5885379314422607,0.003592193126678467,0.014342235822415386,19.320783615112305,178.5750732421875,219.0216827392578,208.75189208984375,68.26904296875
1PVGA,32,18,24,18,OTHER,0.25,0.5882150530815125,0.003915071487426758,0.015631364059261823,18.847135543823242,178.61973571777344,219.16346740722656,208.81594848632812,68.26904296875
