protein,mode,alpha,segment_metric,delta_from_baseline,n_active_heads,active_head_labels,mean_anchor_mass,mean_top1_mass,mean_top3_mass,mean_entropy_norm,sum_anchor_mass,sum_top3_mass
2B61A,k_only,0.0,1.0,0.0,2,"['L11H16', 'L15H2']",0.5144206453114748,0.17244639992713928,0.4196617156267166,0.6614361789453158,1.0288412906229496,0.8393234312534332
2B61A,k_only,0.5,1.0017021894454956,0.0017021894454956055,2,"['L11H16', 'L15H2']",0.46053516678512096,0.15705377981066704,0.3791592866182327,0.6930066180517609,0.9210703335702419,0.7583185732364655
2B61A,k_only,1.0,1.0033292770385742,0.0033292770385742188,2,"['L11H16', 'L15H2']",0.4075712950434536,0.15416443347930908,0.353081077337265,0.7214469572898599,0.8151425900869071,0.70616215467453
2B61A,k_only,2.0,1.0060877799987793,0.006087779998779297,2,"['L11H16', 'L15H2']",0.31197354244068265,0.16056272387504578,0.31402720510959625,0.7662692018152514,0.6239470848813653,0.6280544102191925
2B61A,k_only,4.0,1.0117747783660889,0.011774778366088867,2,"['L11H16', 'L15H2']",0.1742550820345059,0.153190515935421,0.2696879804134369,0.8162250775593932,0.3485101640690118,0.5393759608268738
2B61A,k_only,8.0,1.02678644657135,0.026786446571350098,2,"['L11H16', 'L15H2']",0.03430259838933125,0.15409017726778984,0.2228333279490471,0.8441491843245454,0.0686051967786625,0.4456666558980942
2B61A,k_only,12.0,1.027571201324463,0.02757120132446289,2,"['L11H16', 'L15H2']",0.004718616317404667,0.16260132938623428,0.2357456535100937,0.8417626363927073,0.009437232634809334,0.4714913070201874
2B61A,v_only,0.0,1.0,0.0,2,"['L11H16', 'L15H2']",0.5144206453114748,0.17244639992713928,0.4196617156267166,0.6614361789453158,1.0288412906229496,0.8393234312534332
2B61A,v_only,0.5,1.0002501010894775,0.00025010108947753906,2,"['L11H16', 'L15H2']",0.5144399348646402,0.17220112681388855,0.41953539848327637,0.6615312018240176,1.0288798697292805,0.8390707969665527
2B61A,v_only,1.0,1.0005006790161133,0.0005006790161132812,2,"['L11H16', 'L15H2']",0.5144544239155948,0.17195159196853638,0.41940347850322723,0.6616303197959967,1.0289088478311896,0.8388069570064545
2B61A,v_only,2.0,1.0010265111923218,0.0010265111923217773,2,"['L11H16', 'L15H2']",0.5144684230908751,0.17143774777650833,0.4191221594810486,0.6618407574464549,1.0289368461817503,0.8382443189620972
2B61A,v_only,4.0,1.0023252964019775,0.002325296401977539,2,"['L11H16', 'L15H2']",0.514433341100812,0.1704837903380394,0.41848449409008026,0.6623112753066931,1.028866682201624,0.8369689881801605
2B61A,v_only,8.0,1.0069139003753662,0.006913900375366211,2,"['L11H16', 'L15H2']",0.5140474392101169,0.1706664189696312,0.4168255031108856,0.6634825834151346,1.0280948784202337,0.8336510062217712
2B61A,v_only,12.0,1.015474557876587,0.015474557876586914,2,"['L11H16', 'L15H2']",0.5130235361866653,0.1706916093826294,0.4143541604280472,0.6650889464331875,1.0260470723733306,0.8287083208560944
2B61A,ln_all,0.0,1.0,0.0,2,"['L11H16', 'L15H2']",0.5144206453114748,0.17244639992713928,0.4196617156267166,0.6614361789453158,1.0288412906229496,0.8393234312534332
2B61A,ln_all,0.5,1.0086312294006348,0.008631229400634766,2,"['L11H16', 'L15H2']",0.2767419486772269,0.16243194788694382,0.3001853972673416,0.7801277496259083,0.5534838973544538,0.6003707945346832
2B61A,ln_all,1.0,1.0161044597625732,0.016104459762573242,2,"['L11H16', 'L15H2']",0.13839888421352953,0.1468973197042942,0.2631761133670807,0.8240807757809532,0.27679776842705905,0.5263522267341614
2B61A,ln_all,2.0,1.026185154914856,0.026185154914855957,2,"['L11H16', 'L15H2']",0.01996783747745212,0.1629306524991989,0.23149783164262772,0.8415295782270025,0.03993567495490424,0.46299566328525543
2B61A,ln_all,4.0,1.0334407091140747,0.03344070911407471,2,"['L11H16', 'L15H2']",0.00040513719594059694,0.16515426337718964,0.23203746229410172,0.8418414739027412,0.0008102743918811939,0.46407492458820343
2B61A,ln_all,8.0,1.0702208280563354,0.07022082805633545,2,"['L11H16', 'L15H2']",1.060094649340225e-06,0.16248255223035812,0.226835198700428,0.8428269984937209,2.12018929868045e-06,0.453670397400856
2B61A,ln_all,12.0,1.0789532661437988,0.07895326614379883,2,"['L11H16', 'L15H2']",8.567332600725123e-09,0.15232353657484055,0.21649377048015594,0.8500665941103651,1.7134665201450246e-08,0.4329875409603119
1PVGA,k_only,0.0,1.0,0.0,3,"['L11H16', 'L13H18', 'L14H9']",0.5790066557625929,0.41188785433769226,0.5650565028190613,0.5436950644445336,1.7370199672877789,1.6951695084571838
1PVGA,k_only,0.5,0.9992159605026245,-0.0007840394973754883,3,"['L11H16', 'L13H18', 'L14H9']",0.5257704413185517,0.3803374022245407,0.5225739777088165,0.5830493834612169,1.577311323955655,1.5677219331264496
1PVGA,k_only,1.0,0.9986656308174133,-0.00133436918258667,3,"['L11H16', 'L13H18', 'L14H9']",0.47159346596648294,0.3466203957796097,0.479095458984375,0.6213168758556132,1.4147803978994489,1.437286376953125
1PVGA,k_only,2.0,0.9977478384971619,-0.0022521615028381348,3,"['L11H16', 'L13H18', 'L14H9']",0.3656603330746293,0.27646702776352566,0.39423877994219464,0.6906166512726039,1.096980999223888,1.1827163398265839
1PVGA,k_only,4.0,0.9954491257667542,-0.00455087423324585,3,"['L11H16', 'L13H18', 'L14H9']",0.19111651508137584,0.1495942324399948,0.27221497396628064,0.7857638283305427,0.5733495452441275,0.8166449218988419
1PVGA,k_only,8.0,0.9929357767105103,-0.007064223289489746,3,"['L11H16', 'L13H18', 'L14H9']",0.032422827440313995,0.10503995915253957,0.18186549097299576,0.8381325212538467,0.09726848232094198,0.5455964729189873
1PVGA,k_only,12.0,0.991737961769104,-0.008262038230895996,3,"['L11H16', 'L13H18', 'L14H9']",0.005515947142460694,0.11094994905094306,0.1889090190331141,0.8381282862835945,0.016547841427382082,0.5667270570993423
1PVGA,v_only,0.0,1.0,0.0,3,"['L11H16', 'L13H18', 'L14H9']",0.5790066557625929,0.41188785433769226,0.5650565028190613,0.5436950644445336,1.7370199672877789,1.6951695084571838
1PVGA,v_only,0.5,1.0059094429016113,0.005909442901611328,3,"['L11H16', 'L13H18', 'L14H9']",0.5748181696981192,0.40793535113334656,0.5604687829812368,0.5474238462266504,1.7244545090943575,1.6814063489437103
1PVGA,v_only,1.0,1.011165976524353,0.011165976524353027,3,"['L11H16', 'L13H18', 'L14H9']",0.570165595660607,0.40359381834665936,0.5554377138614655,0.5514929042177084,1.710496786981821,1.6663131415843964
1PVGA,v_only,2.0,1.0199114084243774,0.01991140842437744,3,"['L11H16', 'L13H18', 'L14H9']",0.55970584290723,0.39389529327551526,0.5442867875099182,0.5603881489117098,1.6791175287216902,1.6328603625297546
1PVGA,v_only,4.0,1.0316367149353027,0.031636714935302734,3,"['L11H16', 'L13H18', 'L14H9']",0.5362210217863321,0.37176990509033203,0.519694189230601,0.5791310685061247,1.6086630653589964,1.559082567691803
1PVGA,v_only,8.0,1.0254311561584473,0.025431156158447266,3,"['L11H16', 'L13H18', 'L14H9']",0.4939027012636264,0.359491765499115,0.4847301443417867,0.6064568489758825,1.4817081037908792,1.45419043302536
1PVGA,v_only,12.0,0.9363054037094116,-0.06369459629058838,3,"['L11H16', 'L13H18', 'L14H9']",0.3740526847541332,0.3054005429148674,0.38414405783017475,0.6816038222644618,1.1221580542623997,1.1524321734905243
1PVGA,ln_all,0.0,1.0,0.0,3,"['L11H16', 'L13H18', 'L14H9']",0.5790066557625929,0.41188785433769226,0.5650565028190613,0.5436950644445336,1.7370199672877789,1.6951695084571838
1PVGA,ln_all,0.5,1.0023654699325562,0.0023654699325561523,3,"['L11H16', 'L13H18', 'L14H9']",0.3087970670312643,0.23469830801089606,0.3544973333676656,0.7215795501489515,0.9263912010937929,1.0634920001029968
1PVGA,ln_all,1.0,0.9818681478500366,-0.01813185214996338,3,"['L11H16', 'L13H18', 'L14H9']",0.12373777106404305,0.11195220922430356,0.23562509566545486,0.8060235426800434,0.37121331319212914,0.7068752869963646
1PVGA,ln_all,2.0,0.9337527751922607,-0.06624722480773926,3,"['L11H16', 'L13H18', 'L14H9']",0.011767812102334574,0.12104144195715587,0.20640484243631363,0.8238825765219158,0.03530343630700372,0.6192145273089409
1PVGA,ln_all,4.0,0.8370047211647034,-0.16299527883529663,3,"['L11H16', 'L13H18', 'L14H9']",0.0006801883938957568,0.12735191360116005,0.2169687400261561,0.815485506712213,0.0020405651816872705,0.6509062200784683
1PVGA,ln_all,8.0,0.7318887710571289,-0.2681112289428711,3,"['L11H16', 'L13H18', 'L14H9']",0.0005740070590953458,0.12288177758455276,0.21210368971029916,0.8185980090516997,0.0017220211772860372,0.6363110691308975
1PVGA,ln_all,12.0,0.09129723161458969,-0.9087027683854103,3,"['L11H16', 'L13H18', 'L14H9']",0.001542699373697135,0.13645423700412115,0.22709912558396658,0.7833111416580477,0.004628098121091405,0.6812973767518997
