protein,pdb_id,n_res,top1_mass,top3_mass,eff_keys,rank_corr,rank_corr_p,top3_overlap,cos_sim_d,anchor_pos,anchor_aa,is_anchor_like,top3_positions
6rkw-assembly1cifgz,6rkw,781,0.3494376838207245,0.7376775741577148,11.205606807645637,0.9693384314615537,0.0,1.0,0.9935727119445801,69,V,True,69;485;117
1s16-assembly1cifgz,1s16,380,0.7323885560035706,0.8471229672431946,4.658009291669951,0.9886592741384346,0.0,0.6666666666666666,0.9941400289535522,63,V,True,63;111;67
7cmp-assembly2cifgz,7cmp,374,0.7451813220977783,0.8347965478897095,4.665225715755318,0.9907536236039626,0.0,1.0,0.9932751059532166,63,V,True,63;111;67
4hxz-assembly1cifgz,4hxz,366,0.8388088345527649,0.8934318423271179,2.9247361718157108,0.9908537917370097,0.0,1.0,0.9934186935424805,58,V,True,58;96;62
3zkb-assembly1cifgz,3zkb,387,0.6516152620315552,0.8412767648696899,5.849706656110072,0.9893095636496593,0.0,1.0,0.9943546652793884,66,V,True,66;113;319
7pqi-assembly1cifgz,7pqi,198,0.8211253881454468,0.903346836566925,2.8231115158867848,0.9889263267576152,2.31880397421324e-164,1.0,0.9812408089637756,57,V,True,57;97;61
1nhi-assembly1cifgz,1nhi,333,0.5866838693618774,0.8382070064544678,6.543394815452191,0.987854639142425,9.989711574186734e-270,1.0,0.966575026512146,57,I,True,57;291;99
3h4l-assembly2cifgz,3h4l,333,0.5537859797477722,0.8120829463005066,7.777757835778566,0.990972792285829,6.095612682293138e-291,1.0,0.9686654210090637,46,C,True,46;284;79
4p7a-assembly1cifgz,4p7a,303,0.3472434878349304,0.7127602100372314,14.60729669197174,0.9862933923228502,1.354389483908889e-237,1.0,0.9664213061332703,58,I,True,58;279;88
1mx0-assembly3cifgz,1mx0,456,0.6423078775405884,0.8293473124504089,6.0106869744109,0.9896754172926004,0.0,1.0,0.9876528978347778,70,V,True,70;260;407
6zt3-assembly1cifgz,6zt3,394,0.6484641432762146,0.8177253603935242,6.501182764930581,0.9891802489070525,0.0,1.0,0.9932032227516174,77,V,True,77;124;326
6y8n-assembly1cifgz,6y8n,183,0.7040342688560486,0.8292737007141113,4.876662021037713,0.9917112467005554,3.015342917173883e-163,1.0,0.9834342002868652,57,V,True,57;84;47
1pvg-assembly1cifgz,1pvg,378,0.7556588053703308,0.8516596555709839,4.2089007114946915,0.9882399063547276,9.300921314302554e-309,1.0,0.9986536502838135,90,V,True,90;138;92
7ptf-assembly3cifgz,7ptf,205,0.8129945397377014,0.897949755191803,2.9715732886674315,0.9881475393851596,3.442572366006871e-167,1.0,0.9764022827148438,56,V,True,56;104;60
4z1i-assembly1cifgz,4z1i,365,0.7949716448783875,0.8716291189193726,3.6421912494593354,0.9817949622800286,5.895930533820598e-264,1.0,0.9768774509429932,86,I,True,86;131;88
5j5q-assembly1cifgz,5j5q,396,0.6099826097488403,0.7519055604934692,8.593707952438594,0.9876722136391175,0.0,1.0,0.9946165084838867,71,V,True,71;118;75
1kij-assembly1cifgz,1kij,384,0.7666433453559875,0.8750129342079163,3.8724174453979034,0.9918138160794818,0.0,1.0,0.9925481081008911,61,V,True,61;109;314
4url-assembly1cifgz,4url,364,0.6588193774223328,0.789922833442688,6.932699365110509,0.9874118409610315,5.140720040047782e-292,0.6666666666666666,0.9920281767845154,56,I,True,56;89;294
4urm-assembly2cifgz,4urm,195,0.8444864749908447,0.9044644832611084,2.614834881072321,0.9916182492029325,1.727458976225254e-173,1.0,0.9811854958534241,54,V,True,54;90;58
3cwv-assembly1cifgz,3cwv,349,0.6908110976219177,0.7983198761940002,5.649279662948554,0.9881798805877453,1.0436369260866879e-284,1.0,0.9883030652999878,57,L,True,57;92;59
