sort_order,rank,layer,head,indirect_effect,direct_effect,abs_indirect
abs,1,7,13,0.505484,-0.000000,0.505484
abs,2,11,1,0.467586,-0.000000,0.467586
abs,3,6,3,0.463361,-0.000000,0.463361
abs,4,10,9,0.367700,-0.000000,0.367700
abs,5,26,16,0.360795,0.294278,0.360795
abs,6,22,14,0.260837,0.247301,0.260837
abs,7,8,19,0.233348,-0.000000,0.233348
abs,8,8,6,-0.220333,-0.000000,0.220333
abs,9,32,13,0.203007,0.203007,0.203007
abs,10,7,16,0.168965,-0.000267,0.168965
abs,11,6,19,0.165732,-0.000114,0.165732
abs,12,0,7,0.164139,-0.000000,0.164139
abs,13,32,18,0.162698,0.162698,0.162698
abs,14,14,9,0.142096,-0.000000,0.142096
abs,15,5,19,0.137084,-0.000000,0.137084
abs,16,30,1,0.137060,0.115105,0.137060
abs,17,0,16,-0.130246,-0.000000,0.130246
abs,18,6,17,0.118864,-0.000000,0.118864
abs,19,11,16,0.111825,-0.000000,0.111825
abs,20,0,6,0.109294,-0.000000,0.109294
abs,21,27,15,0.099058,0.072420,0.099058
abs,22,19,0,0.097538,0.000040,0.097538
abs,23,8,5,-0.087261,-0.000000,0.087261
abs,24,17,18,0.087019,0.028084,0.087019
abs,25,14,14,0.085929,-0.000000,0.085929
abs,26,16,17,0.085776,-0.000000,0.085776
abs,27,0,12,-0.085086,-0.000000,0.085086
abs,28,15,2,0.084206,-0.000227,0.084206
abs,29,9,9,-0.080846,-0.000000,0.080846
abs,30,9,1,0.079998,-0.000000,0.079998
abs,31,8,16,-0.078242,-0.000000,0.078242
abs,32,6,11,-0.076299,-0.000000,0.076299
abs,33,6,8,0.072284,-0.000000,0.072284
abs,34,16,10,-0.068397,-0.000000,0.068397
abs,35,1,8,0.064980,-0.000000,0.064980
abs,36,8,0,-0.063986,-0.000000,0.063986
abs,37,1,13,0.063413,-0.000000,0.063413
abs,38,8,12,0.062956,0.001610,0.062956
abs,39,30,6,-0.062634,-0.000000,0.062634
abs,40,13,8,0.061130,-0.000000,0.061130
abs,41,5,6,0.059451,-0.000000,0.059451
abs,42,0,8,0.058321,-0.000000,0.058321
abs,43,11,6,0.057186,-0.000000,0.057186
abs,44,17,5,0.056505,-0.000000,0.056505
abs,45,9,14,-0.055363,-0.000000,0.055363
abs,46,14,0,0.052958,-0.000000,0.052958
abs,47,7,6,-0.052788,-0.000000,0.052788
abs,48,9,2,0.051562,-0.000000,0.051562
abs,49,16,15,0.051430,0.000003,0.051430
abs,50,13,18,0.050735,-0.000221,0.050735
abs,51,12,3,0.049368,-0.000000,0.049368
abs,52,14,19,0.049267,-0.000000,0.049267
abs,53,18,14,-0.049155,-0.000000,0.049155
abs,54,7,0,0.048404,-0.000001,0.048404
abs,55,0,4,-0.048016,-0.000000,0.048016
abs,56,9,8,-0.047750,-0.000000,0.047750
abs,57,16,7,0.046287,-0.000000,0.046287
abs,58,7,15,0.045648,-0.000000,0.045648
abs,59,0,9,-0.045448,-0.000000,0.045448
abs,60,19,15,0.043779,-0.000000,0.043779
abs,61,14,13,0.043392,-0.000000,0.043392
abs,62,15,7,0.041779,-0.000000,0.041779
abs,63,10,12,0.041202,-0.000000,0.041202
abs,64,14,1,-0.041035,-0.000000,0.041035
abs,65,24,0,0.040486,0.020090,0.040486
abs,66,13,19,-0.039778,-0.000000,0.039778
abs,67,7,12,-0.039645,-0.000000,0.039645
abs,68,3,1,0.039187,-0.000000,0.039187
abs,69,13,17,0.038378,-0.000000,0.038378
abs,70,9,7,-0.038070,-0.000000,0.038070
abs,71,12,1,0.037643,0.000033,0.037643
abs,72,0,0,-0.036791,-0.000000,0.036791
abs,73,14,15,-0.036735,0.000139,0.036735
abs,74,12,9,0.036644,-0.000000,0.036644
abs,75,9,13,-0.036520,-0.000000,0.036520
abs,76,5,2,-0.036362,-0.000000,0.036362
abs,77,5,0,0.036262,-0.000000,0.036262
abs,78,15,17,0.036170,-0.000000,0.036170
abs,79,13,7,-0.035735,-0.000000,0.035735
abs,80,8,14,-0.034939,-0.000000,0.034939
abs,81,2,18,-0.034648,-0.000000,0.034648
abs,82,13,11,0.034436,-0.000000,0.034436
abs,83,13,4,0.034017,-0.000000,0.034017
abs,84,13,14,-0.033629,-0.000000,0.033629
abs,85,6,12,0.033575,-0.000000,0.033575
abs,86,29,18,0.033544,0.010318,0.033544
abs,87,30,13,0.032861,0.036339,0.032861
abs,88,10,0,0.032672,-0.000000,0.032672
abs,89,13,10,-0.032409,-0.000000,0.032409
abs,90,8,9,-0.032273,-0.000000,0.032273
abs,91,11,5,-0.031569,-0.000000,0.031569
abs,92,9,18,-0.030348,-0.000000,0.030348
abs,93,15,10,0.029867,-0.000002,0.029867
abs,94,13,13,0.029774,-0.000000,0.029774
abs,95,0,13,0.029750,-0.000000,0.029750
abs,96,13,16,-0.029731,-0.000000,0.029731
abs,97,11,4,-0.029609,-0.000000,0.029609
abs,98,12,6,0.028915,-0.000000,0.028915
abs,99,9,11,0.028564,-0.000000,0.028564
abs,100,3,16,0.028432,-0.000000,0.028432
abs,101,4,17,-0.028393,-0.000000,0.028393
abs,102,12,2,0.028378,0.000798,0.028378
abs,103,2,3,0.028242,-0.000000,0.028242
abs,104,17,14,-0.027752,-0.000000,0.027752
abs,105,5,7,0.027402,-0.000000,0.027402
abs,106,31,17,0.027266,0.043485,0.027266
abs,107,12,8,0.027033,-0.000000,0.027033
abs,108,30,0,0.026940,0.025657,0.026940
abs,109,15,6,0.026897,-0.000423,0.026897
abs,110,17,19,0.026851,0.000292,0.026851
abs,111,16,0,-0.026423,-0.000000,0.026423
abs,112,17,10,0.026261,0.000582,0.026261
abs,113,9,6,0.026260,-0.000000,0.026260
abs,114,13,5,0.026224,0.000292,0.026224
abs,115,24,16,-0.026038,-0.000000,0.026038
abs,116,11,14,0.026023,-0.000000,0.026023
abs,117,7,10,0.025647,-0.000001,0.025647
abs,118,11,8,-0.025174,-0.000000,0.025174
abs,119,7,2,-0.024953,-0.000060,0.024953
abs,120,13,0,-0.024944,0.000158,0.024944
abs,121,14,5,0.024757,0.000013,0.024757
abs,122,4,18,0.024662,-0.000000,0.024662
abs,123,0,14,-0.024458,-0.000000,0.024458
abs,124,12,16,0.024331,-0.000000,0.024331
abs,125,3,7,0.024057,-0.000000,0.024057
abs,126,2,10,-0.023997,-0.000000,0.023997
abs,127,24,12,0.023805,-0.000000,0.023805
abs,128,5,9,-0.023747,-0.000000,0.023747
abs,129,4,2,0.023694,-0.000000,0.023694
abs,130,5,4,-0.023479,-0.000000,0.023479
abs,131,21,0,0.023032,-0.000000,0.023032
abs,132,5,18,0.022561,-0.000000,0.022561
abs,133,14,17,0.022545,-0.000000,0.022545
abs,134,15,4,0.022496,0.001627,0.022496
abs,135,14,2,-0.022440,-0.000000,0.022440
abs,136,24,13,-0.022428,-0.000000,0.022428
abs,137,9,17,-0.022299,-0.000000,0.022299
abs,138,12,14,-0.021985,-0.000000,0.021985
abs,139,5,3,0.021873,-0.000000,0.021873
abs,140,9,15,-0.021770,-0.000000,0.021770
abs,141,3,19,0.021715,-0.000000,0.021715
abs,142,7,14,-0.021698,-0.000000,0.021698
abs,143,12,10,0.021641,-0.000000,0.021641
abs,144,17,8,0.021510,-0.000498,0.021510
abs,145,8,2,-0.021458,-0.000000,0.021458
abs,146,11,7,-0.021406,-0.000000,0.021406
abs,147,15,5,0.021402,-0.000000,0.021402
abs,148,18,13,-0.021290,-0.000000,0.021290
abs,149,11,18,0.021168,-0.000000,0.021168
abs,150,15,9,-0.021038,0.000097,0.021038
abs,151,14,11,-0.020922,-0.000000,0.020922
abs,152,23,15,0.020676,-0.000000,0.020676
abs,153,6,6,-0.020531,-0.000121,0.020531
abs,154,29,10,0.020500,-0.000000,0.020500
abs,155,6,18,-0.020361,-0.000063,0.020361
abs,156,15,0,0.020108,-0.000000,0.020108
abs,157,1,14,0.020107,-0.000000,0.020107
abs,158,9,16,0.020079,-0.000000,0.020079
abs,159,18,2,-0.019849,-0.000264,0.019849
abs,160,13,2,-0.019844,0.000026,0.019844
abs,161,3,18,0.019781,-0.000007,0.019781
abs,162,17,2,0.019779,-0.000000,0.019779
abs,163,9,0,0.019670,-0.000000,0.019670
abs,164,0,10,0.019577,-0.000000,0.019577
abs,165,24,18,0.019548,0.002064,0.019548
abs,166,20,10,0.019448,-0.000000,0.019448
abs,167,11,19,-0.019032,-0.000000,0.019032
abs,168,16,1,0.018875,-0.000000,0.018875
abs,169,25,13,0.018776,-0.000000,0.018776
abs,170,3,0,-0.018585,-0.000000,0.018585
abs,171,1,16,-0.018577,-0.000000,0.018577
abs,172,10,1,-0.018564,-0.000000,0.018564
abs,173,14,18,0.018373,-0.000000,0.018373
abs,174,28,4,0.018310,-0.000000,0.018310
abs,175,4,16,0.018285,0.000019,0.018285
abs,176,16,3,0.018245,-0.000000,0.018245
abs,177,14,4,-0.017904,-0.000000,0.017904
abs,178,17,17,-0.017899,-0.000000,0.017899
abs,179,12,15,0.017597,-0.000000,0.017597
abs,180,9,3,-0.017521,-0.000000,0.017521
abs,181,13,6,-0.017459,-0.000000,0.017459
abs,182,15,19,-0.017422,-0.000000,0.017422
abs,183,6,0,0.017078,-0.000000,0.017078
abs,184,17,11,-0.016984,-0.000000,0.016984
abs,185,30,12,0.016980,-0.000000,0.016980
abs,186,0,1,0.016892,-0.000000,0.016892
abs,187,2,12,-0.016865,-0.000000,0.016865
abs,188,21,2,0.016804,-0.000000,0.016804
abs,189,12,7,-0.016792,-0.000000,0.016792
abs,190,22,8,0.016788,-0.000000,0.016788
abs,191,8,18,-0.016747,-0.000000,0.016747
abs,192,14,3,0.016729,-0.000000,0.016729
abs,193,20,18,-0.016630,-0.000000,0.016630
abs,194,27,7,0.016567,-0.000000,0.016567
abs,195,20,15,-0.016361,-0.000000,0.016361
abs,196,22,17,0.016328,-0.000000,0.016328
abs,197,13,15,0.016113,-0.000000,0.016113
abs,198,10,19,0.016113,-0.000000,0.016113
abs,199,22,12,-0.016021,-0.000000,0.016021
abs,200,17,13,0.015941,0.000555,0.015941
abs,201,28,1,-0.015912,-0.000000,0.015912
abs,202,7,3,0.015794,-0.000000,0.015794
abs,203,20,13,-0.015306,-0.000000,0.015306
abs,204,15,15,-0.015244,-0.000000,0.015244
abs,205,0,19,0.015191,-0.000000,0.015191
abs,206,23,12,0.015165,-0.000000,0.015165
abs,207,1,0,-0.015124,-0.000000,0.015124
pos,1,7,13,0.505484,-0.000000,0.505484
pos,2,11,1,0.467586,-0.000000,0.467586
pos,3,6,3,0.463361,-0.000000,0.463361
pos,4,10,9,0.367700,-0.000000,0.367700
pos,5,26,16,0.360795,0.294278,0.360795
pos,6,22,14,0.260837,0.247301,0.260837
pos,7,8,19,0.233348,-0.000000,0.233348
pos,8,32,13,0.203007,0.203007,0.203007
pos,9,7,16,0.168965,-0.000267,0.168965
pos,10,6,19,0.165732,-0.000114,0.165732
pos,11,0,7,0.164139,-0.000000,0.164139
pos,12,32,18,0.162698,0.162698,0.162698
pos,13,14,9,0.142096,-0.000000,0.142096
pos,14,5,19,0.137084,-0.000000,0.137084
pos,15,30,1,0.137060,0.115105,0.137060
pos,16,6,17,0.118864,-0.000000,0.118864
pos,17,11,16,0.111825,-0.000000,0.111825
pos,18,0,6,0.109294,-0.000000,0.109294
pos,19,27,15,0.099058,0.072420,0.099058
pos,20,19,0,0.097538,0.000040,0.097538
pos,21,17,18,0.087019,0.028084,0.087019
pos,22,14,14,0.085929,-0.000000,0.085929
pos,23,16,17,0.085776,-0.000000,0.085776
pos,24,15,2,0.084206,-0.000227,0.084206
pos,25,9,1,0.079998,-0.000000,0.079998
pos,26,6,8,0.072284,-0.000000,0.072284
pos,27,1,8,0.064980,-0.000000,0.064980
pos,28,1,13,0.063413,-0.000000,0.063413
pos,29,8,12,0.062956,0.001610,0.062956
pos,30,13,8,0.061130,-0.000000,0.061130
pos,31,5,6,0.059451,-0.000000,0.059451
pos,32,0,8,0.058321,-0.000000,0.058321
pos,33,11,6,0.057186,-0.000000,0.057186
pos,34,17,5,0.056505,-0.000000,0.056505
pos,35,14,0,0.052958,-0.000000,0.052958
pos,36,9,2,0.051562,-0.000000,0.051562
pos,37,16,15,0.051430,0.000003,0.051430
pos,38,13,18,0.050735,-0.000221,0.050735
pos,39,12,3,0.049368,-0.000000,0.049368
pos,40,14,19,0.049267,-0.000000,0.049267
pos,41,7,0,0.048404,-0.000001,0.048404
pos,42,16,7,0.046287,-0.000000,0.046287
pos,43,7,15,0.045648,-0.000000,0.045648
pos,44,19,15,0.043779,-0.000000,0.043779
pos,45,14,13,0.043392,-0.000000,0.043392
neg,1,8,6,-0.220333,-0.000000,0.220333
neg,2,0,16,-0.130246,-0.000000,0.130246
neg,3,8,5,-0.087261,-0.000000,0.087261
neg,4,0,12,-0.085086,-0.000000,0.085086
neg,5,9,9,-0.080846,-0.000000,0.080846
neg,6,8,16,-0.078242,-0.000000,0.078242
neg,7,6,11,-0.076299,-0.000000,0.076299
neg,8,16,10,-0.068397,-0.000000,0.068397
neg,9,8,0,-0.063986,-0.000000,0.063986
neg,10,30,6,-0.062634,-0.000000,0.062634
neg,11,9,14,-0.055363,-0.000000,0.055363
neg,12,7,6,-0.052788,-0.000000,0.052788
neg,13,18,14,-0.049155,-0.000000,0.049155
neg,14,0,4,-0.048016,-0.000000,0.048016
neg,15,9,8,-0.047750,-0.000000,0.047750
neg,16,0,9,-0.045448,-0.000000,0.045448
neg,17,14,1,-0.041035,-0.000000,0.041035
neg,18,13,19,-0.039778,-0.000000,0.039778
neg,19,7,12,-0.039645,-0.000000,0.039645
neg,20,9,7,-0.038070,-0.000000,0.038070
neg,21,0,0,-0.036791,-0.000000,0.036791
neg,22,14,15,-0.036735,0.000139,0.036735
neg,23,9,13,-0.036520,-0.000000,0.036520
neg,24,5,2,-0.036362,-0.000000,0.036362
neg,25,13,7,-0.035735,-0.000000,0.035735
neg,26,8,14,-0.034939,-0.000000,0.034939
neg,27,2,18,-0.034648,-0.000000,0.034648
neg,28,13,14,-0.033629,-0.000000,0.033629
neg,29,13,10,-0.032409,-0.000000,0.032409
neg,30,8,9,-0.032273,-0.000000,0.032273
neg,31,11,5,-0.031569,-0.000000,0.031569
neg,32,9,18,-0.030348,-0.000000,0.030348
neg,33,13,16,-0.029731,-0.000000,0.029731
neg,34,11,4,-0.029609,-0.000000,0.029609
neg,35,4,17,-0.028393,-0.000000,0.028393
neg,36,17,14,-0.027752,-0.000000,0.027752
neg,37,16,0,-0.026423,-0.000000,0.026423
neg,38,24,16,-0.026038,-0.000000,0.026038
neg,39,11,8,-0.025174,-0.000000,0.025174
neg,40,7,2,-0.024953,-0.000060,0.024953
neg,41,13,0,-0.024944,0.000158,0.024944
neg,42,0,14,-0.024458,-0.000000,0.024458
neg,43,2,10,-0.023997,-0.000000,0.023997
neg,44,5,9,-0.023747,-0.000000,0.023747
neg,45,5,4,-0.023479,-0.000000,0.023479
neg,46,14,2,-0.022440,-0.000000,0.022440
neg,47,24,13,-0.022428,-0.000000,0.022428
neg,48,9,17,-0.022299,-0.000000,0.022299
neg,49,12,14,-0.021985,-0.000000,0.021985
neg,50,9,15,-0.021770,-0.000000,0.021770
neg,51,7,14,-0.021698,-0.000000,0.021698
neg,52,8,2,-0.021458,-0.000000,0.021458
neg,53,11,7,-0.021406,-0.000000,0.021406
neg,54,18,13,-0.021290,-0.000000,0.021290
neg,55,15,9,-0.021038,0.000097,0.021038
neg,56,14,11,-0.020922,-0.000000,0.020922
neg,57,6,6,-0.020531,-0.000121,0.020531
neg,58,6,18,-0.020361,-0.000063,0.020361
neg,59,18,2,-0.019849,-0.000264,0.019849
neg,60,13,2,-0.019844,0.000026,0.019844
neg,61,11,19,-0.019032,-0.000000,0.019032
neg,62,3,0,-0.018585,-0.000000,0.018585
neg,63,1,16,-0.018577,-0.000000,0.018577
neg,64,10,1,-0.018564,-0.000000,0.018564
neg,65,14,4,-0.017904,-0.000000,0.017904
neg,66,17,17,-0.017899,-0.000000,0.017899
neg,67,9,3,-0.017521,-0.000000,0.017521
neg,68,13,6,-0.017459,-0.000000,0.017459
neg,69,15,19,-0.017422,-0.000000,0.017422
neg,70,17,11,-0.016984,-0.000000,0.016984
neg,71,2,12,-0.016865,-0.000000,0.016865
neg,72,12,7,-0.016792,-0.000000,0.016792
neg,73,8,18,-0.016747,-0.000000,0.016747
neg,74,20,18,-0.016630,-0.000000,0.016630
neg,75,20,15,-0.016361,-0.000000,0.016361
neg,76,22,12,-0.016021,-0.000000,0.016021
neg,77,28,1,-0.015912,-0.000000,0.015912
neg,78,20,13,-0.015306,-0.000000,0.015306
neg,79,15,15,-0.015244,-0.000000,0.015244
neg,80,1,0,-0.015124,-0.000000,0.015124
neg,81,2,4,-0.014930,-0.000000,0.014930
neg,82,8,3,-0.014474,-0.000000,0.014474
neg,83,25,14,-0.014414,-0.001018,0.014414
neg,84,23,14,-0.014106,-0.000000,0.014106
neg,85,28,6,-0.014074,-0.000000,0.014074
neg,86,5,10,-0.014040,-0.000000,0.014040
neg,87,6,14,-0.013582,-0.000000,0.013582
neg,88,22,5,-0.013033,-0.001318,0.013033
neg,89,28,3,-0.012470,-0.000000,0.012470
neg,90,7,11,-0.012458,-0.000000,0.012458
neg,91,19,9,-0.012182,-0.000000,0.012182
neg,92,7,8,-0.012130,-0.000000,0.012130
neg,93,17,9,-0.012085,-0.000000,0.012085
neg,94,20,6,-0.011634,-0.000000,0.011634
neg,95,23,4,-0.011389,-0.000000,0.011389
neg,96,9,4,-0.011381,-0.000000,0.011381
neg,97,8,8,-0.011378,-0.000000,0.011378
neg,98,1,5,-0.011258,-0.000000,0.011258
neg,99,12,13,-0.011026,-0.000000,0.011026
neg,100,25,12,-0.010941,-0.000000,0.010941
neg,101,5,14,-0.010827,-0.000000,0.010827
neg,102,2,8,-0.010751,-0.000000,0.010751
neg,103,20,17,-0.010406,-0.000000,0.010406
neg,104,19,19,-0.010373,-0.000000,0.010373
neg,105,22,16,-0.010325,-0.000000,0.010325
neg,106,12,12,-0.010197,0.000004,0.010197
neg,107,24,9,-0.010059,-0.000000,0.010059
neg,108,24,14,-0.009877,-0.000000,0.009877
neg,109,11,15,-0.009760,-0.000000,0.009760
neg,110,10,17,-0.009593,-0.000000,0.009593
neg,111,1,1,-0.009534,-0.000000,0.009534
neg,112,27,19,-0.009342,0.000378,0.009342
neg,113,21,12,-0.009326,-0.000000,0.009326
neg,114,26,18,-0.009248,-0.000000,0.009248
neg,115,22,13,-0.009136,-0.000000,0.009136
neg,116,13,3,-0.009118,0.000504,0.009118
neg,117,8,11,-0.009117,-0.000000,0.009117
neg,118,11,11,-0.008996,-0.000000,0.008996
neg,119,0,17,-0.008938,-0.000000,0.008938
neg,120,1,7,-0.008792,-0.000000,0.008792
neg,121,10,3,-0.008707,-0.000000,0.008707
neg,122,16,14,-0.008693,0.001795,0.008693
neg,123,25,0,-0.008532,-0.000000,0.008532
neg,124,2,19,-0.008509,0.000002,0.008509
neg,125,21,11,-0.008450,-0.000000,0.008450
neg,126,30,16,-0.008440,-0.000000,0.008440
neg,127,12,18,-0.008412,-0.000000,0.008412
neg,128,1,18,-0.008407,-0.000000,0.008407
neg,129,16,4,-0.008270,-0.000000,0.008270
neg,130,15,8,-0.008156,-0.000000,0.008156
neg,131,18,7,-0.008148,-0.000000,0.008148
neg,132,7,17,-0.008042,-0.000000,0.008042
neg,133,26,5,-0.007982,-0.000000,0.007982
neg,134,21,10,-0.007914,0.000009,0.007914
neg,135,18,9,-0.007829,-0.000000,0.007829
neg,136,21,15,-0.007673,-0.000000,0.007673
neg,137,24,15,-0.007672,0.000783,0.007672
neg,138,5,17,-0.007543,-0.000000,0.007543
neg,139,29,12,-0.007410,-0.005960,0.007410
neg,140,22,3,-0.007362,-0.000000,0.007362
neg,141,4,14,-0.007299,-0.000000,0.007299
neg,142,30,4,-0.007128,-0.000000,0.007128
neg,143,28,12,-0.007127,-0.000000,0.007127
neg,144,4,15,-0.007099,-0.000000,0.007099
neg,145,16,9,-0.007092,-0.000000,0.007092
neg,146,6,16,-0.007009,-0.000000,0.007009
neg,147,25,3,-0.006944,-0.000000,0.006944
neg,148,3,8,-0.006882,-0.000000,0.006882
neg,149,21,16,-0.006830,-0.000000,0.006830
neg,150,4,0,-0.006737,-0.000000,0.006737
neg,151,20,14,-0.006401,-0.000000,0.006401
neg,152,29,6,-0.006307,-0.000000,0.006307
neg,153,23,7,-0.006244,0.000009,0.006244
neg,154,25,1,-0.006225,-0.000000,0.006225
neg,155,5,5,-0.006095,-0.000000,0.006095
neg,156,27,14,-0.006091,-0.000000,0.006091
neg,157,24,3,-0.006077,0.000038,0.006077
neg,158,14,10,-0.006039,-0.000000,0.006039
neg,159,30,18,-0.006026,-0.000000,0.006026
neg,160,18,10,-0.005967,-0.000000,0.005967
neg,161,28,7,-0.005960,0.000511,0.005960
neg,162,19,12,-0.005860,-0.000000,0.005860
neg,163,8,4,-0.005860,-0.000000,0.005860
neg,164,4,9,-0.005797,-0.000000,0.005797
neg,165,28,13,-0.005765,0.004801,0.005765
neg,166,29,13,-0.005737,0.000001,0.005737
neg,167,21,6,-0.005717,-0.000000,0.005717
neg,168,7,19,-0.005507,-0.000000,0.005507
neg,169,17,3,-0.005464,-0.000000,0.005464
neg,170,21,8,-0.005372,-0.000000,0.005372
neg,171,2,15,-0.005214,-0.000000,0.005214
neg,172,20,7,-0.005160,-0.000000,0.005160
neg,173,3,17,-0.005132,-0.000000,0.005132
neg,174,25,16,-0.005130,-0.000000,0.005130
neg,175,26,1,-0.005124,0.000222,0.005124
neg,176,11,10,-0.005081,-0.000000,0.005081
neg,177,21,1,-0.005068,-0.000000,0.005068
neg,178,15,18,-0.005016,0.000317,0.005016
neg,179,5,11,-0.004989,-0.000000,0.004989
neg,180,18,1,-0.004987,0.001417,0.004987
neg,181,3,5,-0.004951,-0.000000,0.004951
neg,182,11,13,-0.004637,0.000239,0.004637
neg,183,28,14,-0.004588,0.000104,0.004588
neg,184,31,9,-0.004438,-0.000000,0.004438
neg,185,25,18,-0.004342,0.000327,0.004342
neg,186,24,17,-0.004317,-0.000000,0.004317
neg,187,7,1,-0.004292,-0.000000,0.004292
neg,188,30,11,-0.004284,-0.000000,0.004284
neg,189,25,19,-0.004151,-0.000000,0.004151
neg,190,7,18,-0.004150,-0.000000,0.004150
neg,191,26,13,-0.004125,-0.000000,0.004125
neg,192,13,9,-0.004055,-0.000000,0.004055
neg,193,6,5,-0.003981,-0.000000,0.003981
neg,194,29,9,-0.003819,-0.000621,0.003819
neg,195,5,15,-0.003750,-0.000000,0.003750
neg,196,25,8,-0.003711,-0.000333,0.003711
neg,197,0,2,-0.003653,-0.000000,0.003653
neg,198,6,9,-0.003618,-0.000000,0.003618
neg,199,1,12,-0.003598,-0.000000,0.003598
neg,200,2,7,-0.003597,-0.000002,0.003597
neg,201,31,2,-0.003335,-0.000000,0.003335
neg,202,22,6,-0.003244,-0.000000,0.003244
neg,203,27,1,-0.003147,-0.000000,0.003147
neg,204,29,4,-0.003142,-0.000000,0.003142
neg,205,5,12,-0.003141,-0.000000,0.003141
neg,206,10,10,-0.003105,-0.000000,0.003105
neg,207,10,13,-0.003103,-0.000000,0.003103
neg,208,9,19,-0.003071,-0.000000,0.003071
neg,209,9,12,-0.002983,-0.000000,0.002983
neg,210,23,11,-0.002951,-0.000000,0.002951
neg,211,21,9,-0.002836,-0.000000,0.002836
neg,212,29,5,-0.002817,-0.000000,0.002817
neg,213,27,2,-0.002752,-0.000000,0.002752
neg,214,19,7,-0.002747,-0.000000,0.002747
neg,215,3,11,-0.002549,-0.000000,0.002549
neg,216,31,19,-0.002417,-0.000000,0.002417
neg,217,12,5,-0.002215,-0.000000,0.002215
neg,218,29,16,-0.002192,0.006155,0.002192
neg,219,19,6,-0.002072,-0.000000,0.002072
neg,220,27,11,-0.002042,0.000010,0.002042
neg,221,31,12,-0.002036,-0.000000,0.002036
neg,222,26,2,-0.002026,0.001406,0.002026
neg,223,2,14,-0.001886,-0.000000,0.001886
neg,224,29,3,-0.001864,-0.000000,0.001864
neg,225,26,12,-0.001802,-0.000000,0.001802
neg,226,30,5,-0.001796,-0.000000,0.001796
neg,227,28,18,-0.001785,-0.000000,0.001785
neg,228,31,16,-0.001739,-0.000000,0.001739
neg,229,17,16,-0.001733,-0.000000,0.001733
neg,230,22,19,-0.001731,-0.000000,0.001731
neg,231,25,9,-0.001700,-0.000000,0.001700
neg,232,3,15,-0.001588,-0.000000,0.001588
neg,233,10,8,-0.001554,-0.000000,0.001554
neg,234,17,12,-0.001534,-0.000000,0.001534
neg,235,4,1,-0.001512,-0.000000,0.001512
neg,236,13,1,-0.001512,-0.000000,0.001512
neg,237,27,16,-0.001471,-0.000000,0.001471
neg,238,21,13,-0.001457,-0.000000,0.001457
neg,239,29,19,-0.001415,-0.000000,0.001415
neg,240,31,11,-0.001374,-0.000000,0.001374
neg,241,31,0,-0.001341,-0.000000,0.001341
neg,242,31,13,-0.001234,-0.000000,0.001234
neg,243,2,0,-0.001208,-0.000000,0.001208
neg,244,3,6,-0.001090,-0.000000,0.001090
neg,245,1,11,-0.001029,-0.000000,0.001029
neg,246,6,7,-0.000913,-0.000000,0.000913
neg,247,14,12,-0.000868,0.000274,0.000868
neg,248,22,2,-0.000850,-0.000000,0.000850
neg,249,18,17,-0.000842,-0.000373,0.000842
neg,250,19,1,-0.000842,-0.000000,0.000842
neg,251,26,0,-0.000826,-0.000000,0.000826
neg,252,21,3,-0.000736,-0.000000,0.000736
neg,253,27,17,-0.000732,-0.000000,0.000732
neg,254,20,0,-0.000715,-0.000491,0.000715
neg,255,30,17,-0.000687,-0.000000,0.000687
neg,256,22,9,-0.000631,-0.000000,0.000631
neg,257,27,3,-0.000576,0.000001,0.000576
neg,258,30,2,-0.000432,-0.000000,0.000432
neg,259,4,3,-0.000359,-0.000000,0.000359
neg,260,11,9,-0.000344,-0.000000,0.000344
neg,261,23,1,-0.000295,-0.000000,0.000295
neg,262,31,4,-0.000282,0.001617,0.000282
neg,263,21,17,-0.000272,-0.000000,0.000272
neg,264,10,7,-0.000270,-0.000000,0.000270
neg,265,26,17,-0.000230,0.000093,0.000230
neg,266,12,4,-0.000202,-0.000003,0.000202
neg,267,26,7,-0.000174,-0.000000,0.000174
neg,268,3,13,-0.000143,-0.000000,0.000143
neg,269,19,3,-0.000096,-0.000000,0.000096
neg,270,4,11,-0.000074,-0.000000,0.000074
neg,271,32,19,-0.000000,-0.000000,0.000000
neg,272,32,15,-0.000000,-0.000000,0.000000
neg,273,32,10,-0.000000,-0.000000,0.000000
neg,274,32,9,-0.000000,-0.000000,0.000000
neg,275,32,8,-0.000000,-0.000000,0.000000
neg,276,32,6,-0.000000,-0.000000,0.000000
neg,277,32,5,-0.000000,-0.000000,0.000000
neg,278,32,2,-0.000000,-0.000000,0.000000
neg,279,32,17,-0.000000,-0.000000,0.000000
neg,280,32,1,-0.000000,-0.000000,0.000000
neg,281,32,16,-0.000000,-0.000000,0.000000
neg,282,0,5,0.000008,-0.000000,0.000008
neg,283,0,15,0.000115,-0.000000,0.000115
neg,284,17,15,0.000134,0.003012,0.000134
neg,285,16,19,0.000137,-0.000000,0.000137
neg,286,32,7,0.000190,0.000190,0.000190
neg,287,26,9,0.000204,-0.000000,0.000204
neg,288,24,6,0.000237,-0.000022,0.000237
neg,289,27,5,0.000280,-0.000000,0.000280
neg,290,3,3,0.000424,-0.000000,0.000424
neg,291,30,15,0.000434,-0.000000,0.000434
neg,292,20,12,0.000440,-0.000594,0.000440
neg,293,17,0,0.000455,-0.000000,0.000455
neg,294,13,12,0.000459,-0.000000,0.000459
neg,295,31,3,0.000465,-0.000000,0.000465
neg,296,32,4,0.000557,0.000557,0.000557
neg,297,29,2,0.000578,-0.000000,0.000578
neg,298,24,7,0.000584,-0.000000,0.000584
neg,299,26,10,0.000589,-0.000025,0.000589
neg,300,25,7,0.000591,-0.000000,0.000591
neg,301,15,11,0.000616,-0.000000,0.000616
neg,302,22,7,0.000634,-0.000000,0.000634
neg,303,4,12,0.000714,-0.000000,0.000714
neg,304,27,8,0.000751,0.000019,0.000751
neg,305,31,15,0.000761,0.000705,0.000761
neg,306,29,7,0.000775,0.000067,0.000775
neg,307,16,6,0.000792,-0.000000,0.000792
neg,308,20,9,0.000808,-0.000000,0.000808
neg,309,29,8,0.000819,-0.000000,0.000819
neg,310,32,12,0.000900,0.000900,0.000900
neg,311,22,0,0.000912,0.000004,0.000912
neg,312,23,8,0.000954,-0.000000,0.000954
neg,313,25,17,0.001079,-0.000000,0.001079
neg,314,4,7,0.001119,-0.000000,0.001119
neg,315,32,3,0.001353,0.001353,0.001353
neg,316,27,9,0.001355,-0.000000,0.001355
neg,317,5,1,0.001480,-0.000000,0.001480
neg,318,30,14,0.001490,-0.000000,0.001490
neg,319,2,13,0.001519,-0.000000,0.001519
neg,320,29,11,0.001554,0.000012,0.001554
neg,321,4,10,0.001567,-0.000000,0.001567
neg,322,31,14,0.001597,-0.000000,0.001597
neg,323,22,1,0.001632,-0.000000,0.001632
neg,324,31,5,0.001721,-0.000000,0.001721
neg,325,2,6,0.001744,-0.000000,0.001744
neg,326,27,4,0.001757,-0.000000,0.001757
neg,327,23,16,0.001816,-0.000000,0.001816
neg,328,23,5,0.001842,-0.000000,0.001842
neg,329,18,18,0.001865,-0.000645,0.001865
neg,330,28,11,0.001886,-0.000000,0.001886
neg,331,23,0,0.001930,-0.000000,0.001930
neg,332,17,6,0.001953,-0.000000,0.001953
neg,333,20,16,0.001968,-0.000000,0.001968
neg,334,1,9,0.002070,-0.000000,0.002070
neg,335,24,4,0.002073,0.000055,0.002073
neg,336,7,5,0.002116,-0.000004,0.002116
neg,337,19,10,0.002133,-0.000000,0.002133
neg,338,1,19,0.002194,-0.000000,0.002194
neg,339,21,19,0.002210,0.000038,0.002210
neg,340,27,0,0.002252,-0.000000,0.002252
neg,341,20,5,0.002264,-0.000000,0.002264
neg,342,16,5,0.002312,-0.000000,0.002312
neg,343,10,2,0.002326,-0.000000,0.002326
neg,344,10,14,0.002343,-0.000000,0.002343
neg,345,10,5,0.002356,-0.000000,0.002356
neg,346,23,10,0.002397,-0.000000,0.002397
neg,347,28,0,0.002546,0.000842,0.002546
neg,348,30,8,0.002554,-0.000000,0.002554
neg,349,26,14,0.002572,-0.000000,0.002572
neg,350,25,4,0.002682,-0.000000,0.002682
neg,351,9,10,0.002685,-0.000000,0.002685
neg,352,25,5,0.002687,-0.000000,0.002687
neg,353,7,9,0.002759,-0.000144,0.002759
neg,354,0,3,0.002763,-0.000000,0.002763
neg,355,30,10,0.002780,-0.000000,0.002780
neg,356,24,10,0.002794,-0.000000,0.002794
neg,357,23,9,0.002837,0.000554,0.002837
neg,358,27,18,0.002854,-0.000000,0.002854
neg,359,4,8,0.002866,-0.000000,0.002866
neg,360,1,10,0.002906,-0.000000,0.002906
neg,361,20,19,0.002978,0.000069,0.002978
neg,362,6,2,0.003021,-0.000000,0.003021
neg,363,31,7,0.003026,-0.000000,0.003026
neg,364,17,7,0.003041,-0.000000,0.003041
neg,365,18,5,0.003059,0.000187,0.003059
neg,366,1,6,0.003072,-0.000000,0.003072
neg,367,21,4,0.003207,0.000264,0.003207
neg,368,19,11,0.003272,-0.000000,0.003272
neg,369,28,16,0.003285,-0.000000,0.003285
neg,370,29,1,0.003356,-0.000000,0.003356
neg,371,23,13,0.003403,-0.000048,0.003403
neg,372,18,3,0.003453,0.000149,0.003453
neg,373,32,11,0.003504,0.003504,0.003504
neg,374,28,10,0.003574,-0.000000,0.003574
neg,375,21,14,0.003594,-0.000000,0.003594
neg,376,24,2,0.003616,-0.000000,0.003616
neg,377,0,18,0.003723,-0.000000,0.003723
neg,378,28,15,0.003752,-0.000000,0.003752
neg,379,29,17,0.003762,-0.000000,0.003762
neg,380,14,6,0.003886,-0.000000,0.003886
neg,381,11,3,0.003965,-0.000000,0.003965
neg,382,18,15,0.003985,-0.000000,0.003985
neg,383,11,0,0.004163,-0.000000,0.004163
neg,384,23,2,0.004176,-0.000000,0.004176
neg,385,22,4,0.004187,-0.000000,0.004187
neg,386,2,16,0.004192,-0.000000,0.004192
neg,387,1,3,0.004247,-0.000000,0.004247
neg,388,19,8,0.004268,-0.000000,0.004268
neg,389,26,19,0.004284,-0.000000,0.004284
neg,390,6,4,0.004301,-0.000000,0.004301
neg,391,28,2,0.004322,-0.000000,0.004322
neg,392,10,15,0.004375,-0.000000,0.004375
neg,393,20,11,0.004449,0.000033,0.004449
neg,394,28,8,0.004484,-0.001042,0.004484
neg,395,23,18,0.004585,-0.000000,0.004585
neg,396,18,6,0.004593,-0.000000,0.004593
neg,397,19,17,0.004613,-0.000000,0.004613
neg,398,27,12,0.004661,0.000050,0.004661
neg,399,10,6,0.004709,0.000040,0.004709
neg,400,22,18,0.004733,-0.000000,0.004733
neg,401,25,6,0.004749,-0.000000,0.004749
neg,402,24,19,0.004833,-0.000000,0.004833
neg,403,8,1,0.004842,-0.000000,0.004842
neg,404,30,3,0.004913,-0.000000,0.004913
neg,405,18,4,0.004946,-0.000000,0.004946
neg,406,25,11,0.004989,-0.000012,0.004989
neg,407,24,8,0.005062,-0.000000,0.005062
neg,408,18,19,0.005293,-0.000000,0.005293
neg,409,26,15,0.005372,-0.000000,0.005372
neg,410,3,2,0.005471,-0.000000,0.005471
neg,411,16,11,0.005490,-0.000000,0.005490
neg,412,2,5,0.005498,-0.000000,0.005498
neg,413,1,15,0.005548,-0.000000,0.005548
neg,414,15,12,0.005637,0.000139,0.005637
neg,415,18,8,0.005658,-0.000000,0.005658
neg,416,6,1,0.005764,-0.000000,0.005764
neg,417,10,18,0.005812,-0.000000,0.005812
neg,418,21,7,0.005816,0.000270,0.005816
neg,419,3,10,0.005848,-0.000000,0.005848
neg,420,1,17,0.005895,-0.000000,0.005895
neg,421,17,4,0.005919,-0.000111,0.005919
neg,422,25,10,0.005968,-0.000000,0.005968
neg,423,1,2,0.005981,-0.000000,0.005981
neg,424,29,14,0.006085,-0.000000,0.006085
neg,425,15,3,0.006188,-0.000000,0.006188
neg,426,18,16,0.006323,0.000034,0.006323
neg,427,19,16,0.006339,-0.000000,0.006339
neg,428,31,6,0.006419,-0.000000,0.006419
neg,429,4,5,0.006603,-0.000000,0.006603
neg,430,31,10,0.006619,-0.000000,0.006619
neg,431,2,17,0.006688,-0.000000,0.006688
neg,432,28,5,0.006741,0.001520,0.006741
neg,433,14,16,0.006744,-0.000000,0.006744
neg,434,3,14,0.006747,-0.000000,0.006747
neg,435,29,15,0.006926,0.006994,0.006926
neg,436,5,13,0.006943,-0.000000,0.006943
neg,437,20,1,0.007005,-0.000000,0.007005
neg,438,25,15,0.007040,0.000848,0.007040
neg,439,4,13,0.007044,0.000001,0.007044
neg,440,22,11,0.007060,-0.000000,0.007060
neg,441,27,13,0.007229,-0.000000,0.007229
neg,442,19,4,0.007252,0.000202,0.007252
neg,443,2,1,0.007306,-0.000002,0.007306
neg,444,20,3,0.007352,-0.000000,0.007352
neg,445,31,8,0.007411,0.000459,0.007411
neg,446,4,6,0.007474,-0.000000,0.007474
neg,447,23,19,0.007668,-0.000014,0.007668
neg,448,7,7,0.007668,-0.000000,0.007668
neg,449,6,15,0.007676,-0.000000,0.007676
neg,450,23,3,0.007686,-0.000000,0.007686
neg,451,1,4,0.007780,-0.000000,0.007780
neg,452,8,17,0.008020,-0.000000,0.008020
neg,453,12,17,0.008048,-0.000000,0.008048
neg,454,16,16,0.008153,-0.000000,0.008153
neg,455,16,13,0.008274,0.000877,0.008274
neg,456,12,0,0.008276,-0.000000,0.008276
neg,457,14,8,0.008497,-0.000000,0.008497
neg,458,21,5,0.008562,-0.000000,0.008562
neg,459,23,17,0.008592,0.000171,0.008592
neg,460,11,17,0.008645,-0.000000,0.008645
neg,461,27,6,0.008697,0.000628,0.008697
neg,462,10,4,0.008754,-0.000000,0.008754
neg,463,17,1,0.008815,-0.000137,0.008815
neg,464,28,9,0.008998,-0.000000,0.008998
neg,465,28,19,0.009024,-0.000000,0.009024
neg,466,21,18,0.009054,-0.000000,0.009054
neg,467,19,5,0.009073,-0.000000,0.009073
neg,468,12,11,0.009177,-0.000000,0.009177
neg,469,15,1,0.009200,-0.000000,0.009200
neg,470,8,15,0.009268,-0.000000,0.009268
neg,471,16,12,0.009492,-0.000000,0.009492
neg,472,18,0,0.009668,-0.000000,0.009668
neg,473,8,10,0.009672,0.001567,0.009672
neg,474,10,16,0.009692,-0.000000,0.009692
neg,475,19,13,0.009709,0.000031,0.009709
neg,476,32,14,0.009720,0.009720,0.009720
neg,477,3,4,0.009743,-0.000000,0.009743
neg,478,30,19,0.009748,-0.000000,0.009748
neg,479,26,3,0.009815,0.000005,0.009815
neg,480,18,12,0.010027,-0.000000,0.010027
neg,481,24,5,0.010080,-0.000000,0.010080
neg,482,28,17,0.010090,-0.000000,0.010090
neg,483,19,2,0.010099,-0.000128,0.010099
neg,484,15,14,0.010221,-0.000000,0.010221
neg,485,25,2,0.010262,0.001709,0.010262
neg,486,31,18,0.010302,-0.000000,0.010302
neg,487,4,4,0.010315,-0.000000,0.010315
neg,488,26,4,0.010378,-0.000000,0.010378
neg,489,24,11,0.010462,-0.000000,0.010462
neg,490,31,1,0.010512,0.002483,0.010512
neg,491,29,0,0.010647,0.000370,0.010647
neg,492,12,19,0.011111,-0.000000,0.011111
neg,493,19,14,0.011246,-0.000000,0.011246
neg,494,8,13,0.011348,-0.000000,0.011348
neg,495,6,10,0.011396,-0.000000,0.011396
neg,496,26,8,0.011398,-0.000000,0.011398
neg,497,22,15,0.011456,-0.000000,0.011456
neg,498,26,6,0.011613,-0.000000,0.011613
neg,499,5,8,0.011662,-0.000000,0.011662
neg,500,10,11,0.011790,-0.000000,0.011790
neg,501,24,1,0.011857,-0.000000,0.011857
neg,502,2,11,0.011952,-0.000000,0.011952
neg,503,15,13,0.011981,-0.000000,0.011981
neg,504,20,2,0.012073,-0.000000,0.012073
neg,505,30,9,0.012090,-0.000000,0.012090
neg,506,20,8,0.012185,-0.000000,0.012185
neg,507,23,6,0.012231,0.003811,0.012231
neg,508,9,5,0.012294,-0.000000,0.012294
neg,509,22,10,0.012377,-0.000000,0.012377
neg,510,3,9,0.012480,-0.000034,0.012480
neg,511,3,12,0.012501,-0.000000,0.012501
neg,512,16,18,0.012594,0.000478,0.012594
neg,513,16,2,0.012883,-0.000000,0.012883
neg,514,0,11,0.013056,-0.000000,0.013056
neg,515,26,11,0.013110,-0.000000,0.013110
neg,516,8,7,0.013239,-0.000000,0.013239
neg,517,15,16,0.013308,-0.000000,0.013308
neg,518,20,4,0.013387,0.001369,0.013387
neg,519,32,0,0.013526,0.013526,0.013526
neg,520,2,9,0.013527,-0.000000,0.013527
neg,521,7,4,0.013736,-0.000000,0.013736
neg,522,30,7,0.013749,-0.000000,0.013749
neg,523,4,19,0.013808,-0.000000,0.013808
neg,524,18,11,0.013882,-0.000057,0.013882
neg,525,5,16,0.013978,0.000003,0.013978
neg,526,6,13,0.014135,-0.000264,0.014135
neg,527,11,2,0.014284,-0.000000,0.014284
neg,528,2,2,0.014407,-0.000000,0.014407
neg,529,16,8,0.014460,-0.000321,0.014460
neg,530,19,18,0.014797,-0.000000,0.014797
neg,531,14,7,0.014947,-0.000000,0.014947
neg,532,27,10,0.014950,-0.000000,0.014950
neg,533,11,12,0.015056,-0.000000,0.015056
neg,534,23,12,0.015165,-0.000000,0.015165
neg,535,0,19,0.015191,-0.000000,0.015191
neg,536,7,3,0.015794,-0.000000,0.015794
neg,537,17,13,0.015941,0.000555,0.015941
neg,538,10,19,0.016113,-0.000000,0.016113
neg,539,13,15,0.016113,-0.000000,0.016113
neg,540,22,17,0.016328,-0.000000,0.016328
neg,541,27,7,0.016567,-0.000000,0.016567
neg,542,14,3,0.016729,-0.000000,0.016729
neg,543,22,8,0.016788,-0.000000,0.016788
neg,544,21,2,0.016804,-0.000000,0.016804
neg,545,0,1,0.016892,-0.000000,0.016892
neg,546,30,12,0.016980,-0.000000,0.016980
neg,547,6,0,0.017078,-0.000000,0.017078
neg,548,12,15,0.017597,-0.000000,0.017597
neg,549,16,3,0.018245,-0.000000,0.018245
neg,550,4,16,0.018285,0.000019,0.018285
neg,551,28,4,0.018310,-0.000000,0.018310
neg,552,14,18,0.018373,-0.000000,0.018373
neg,553,25,13,0.018776,-0.000000,0.018776
neg,554,16,1,0.018875,-0.000000,0.018875
neg,555,20,10,0.019448,-0.000000,0.019448
neg,556,24,18,0.019548,0.002064,0.019548
neg,557,0,10,0.019577,-0.000000,0.019577
neg,558,9,0,0.019670,-0.000000,0.019670
neg,559,17,2,0.019779,-0.000000,0.019779
neg,560,3,18,0.019781,-0.000007,0.019781
neg,561,9,16,0.020079,-0.000000,0.020079
neg,562,1,14,0.020107,-0.000000,0.020107
neg,563,15,0,0.020108,-0.000000,0.020108
neg,564,29,10,0.020500,-0.000000,0.020500
neg,565,23,15,0.020676,-0.000000,0.020676
neg,566,11,18,0.021168,-0.000000,0.021168
neg,567,15,5,0.021402,-0.000000,0.021402
neg,568,17,8,0.021510,-0.000498,0.021510
neg,569,12,10,0.021641,-0.000000,0.021641
neg,570,3,19,0.021715,-0.000000,0.021715
neg,571,5,3,0.021873,-0.000000,0.021873
neg,572,15,4,0.022496,0.001627,0.022496
neg,573,14,17,0.022545,-0.000000,0.022545
neg,574,5,18,0.022561,-0.000000,0.022561
neg,575,21,0,0.023032,-0.000000,0.023032
neg,576,4,2,0.023694,-0.000000,0.023694
neg,577,24,12,0.023805,-0.000000,0.023805
neg,578,3,7,0.024057,-0.000000,0.024057
neg,579,12,16,0.024331,-0.000000,0.024331
neg,580,4,18,0.024662,-0.000000,0.024662
neg,581,14,5,0.024757,0.000013,0.024757
neg,582,7,10,0.025647,-0.000001,0.025647
neg,583,11,14,0.026023,-0.000000,0.026023
neg,584,13,5,0.026224,0.000292,0.026224
neg,585,9,6,0.026260,-0.000000,0.026260
neg,586,17,10,0.026261,0.000582,0.026261
neg,587,17,19,0.026851,0.000292,0.026851
neg,588,15,6,0.026897,-0.000423,0.026897
neg,589,30,0,0.026940,0.025657,0.026940
neg,590,12,8,0.027033,-0.000000,0.027033
neg,591,31,17,0.027266,0.043485,0.027266
neg,592,5,7,0.027402,-0.000000,0.027402
neg,593,2,3,0.028242,-0.000000,0.028242
neg,594,12,2,0.028378,0.000798,0.028378
neg,595,3,16,0.028432,-0.000000,0.028432
neg,596,9,11,0.028564,-0.000000,0.028564
neg,597,12,6,0.028915,-0.000000,0.028915
neg,598,0,13,0.029750,-0.000000,0.029750
neg,599,13,13,0.029774,-0.000000,0.029774
neg,600,15,10,0.029867,-0.000002,0.029867
neg,601,10,0,0.032672,-0.000000,0.032672
neg,602,30,13,0.032861,0.036339,0.032861
neg,603,29,18,0.033544,0.010318,0.033544
neg,604,6,12,0.033575,-0.000000,0.033575
neg,605,13,4,0.034017,-0.000000,0.034017
neg,606,13,11,0.034436,-0.000000,0.034436
neg,607,15,17,0.036170,-0.000000,0.036170
neg,608,5,0,0.036262,-0.000000,0.036262
neg,609,12,9,0.036644,-0.000000,0.036644
neg,610,12,1,0.037643,0.000033,0.037643
neg,611,13,17,0.038378,-0.000000,0.038378
neg,612,3,1,0.039187,-0.000000,0.039187
neg,613,24,0,0.040486,0.020090,0.040486
neg,614,10,12,0.041202,-0.000000,0.041202
neg,615,15,7,0.041779,-0.000000,0.041779
neg,616,14,13,0.043392,-0.000000,0.043392
neg,617,19,15,0.043779,-0.000000,0.043779
neg,618,7,15,0.045648,-0.000000,0.045648
neg,619,16,7,0.046287,-0.000000,0.046287
neg,620,7,0,0.048404,-0.000001,0.048404
neg,621,14,19,0.049267,-0.000000,0.049267
neg,622,12,3,0.049368,-0.000000,0.049368
neg,623,13,18,0.050735,-0.000221,0.050735
neg,624,16,15,0.051430,0.000003,0.051430
neg,625,9,2,0.051562,-0.000000,0.051562
neg,626,14,0,0.052958,-0.000000,0.052958
neg,627,17,5,0.056505,-0.000000,0.056505
neg,628,11,6,0.057186,-0.000000,0.057186
neg,629,0,8,0.058321,-0.000000,0.058321
neg,630,5,6,0.059451,-0.000000,0.059451
neg,631,13,8,0.061130,-0.000000,0.061130
neg,632,8,12,0.062956,0.001610,0.062956
neg,633,1,13,0.063413,-0.000000,0.063413
neg,634,1,8,0.064980,-0.000000,0.064980
neg,635,6,8,0.072284,-0.000000,0.072284
neg,636,9,1,0.079998,-0.000000,0.079998
neg,637,15,2,0.084206,-0.000227,0.084206
neg,638,16,17,0.085776,-0.000000,0.085776
neg,639,14,14,0.085929,-0.000000,0.085929
neg,640,17,18,0.087019,0.028084,0.087019
neg,641,19,0,0.097538,0.000040,0.097538
neg,642,27,15,0.099058,0.072420,0.099058
neg,643,0,6,0.109294,-0.000000,0.109294
neg,644,11,16,0.111825,-0.000000,0.111825
neg,645,6,17,0.118864,-0.000000,0.118864
neg,646,30,1,0.137060,0.115105,0.137060
neg,647,5,19,0.137084,-0.000000,0.137084
neg,648,14,9,0.142096,-0.000000,0.142096
neg,649,32,18,0.162698,0.162698,0.162698
neg,650,0,7,0.164139,-0.000000,0.164139
neg,651,6,19,0.165732,-0.000114,0.165732
neg,652,7,16,0.168965,-0.000267,0.168965
neg,653,32,13,0.203007,0.203007,0.203007
neg,654,8,19,0.233348,-0.000000,0.233348
neg,655,22,14,0.260837,0.247301,0.260837
neg,656,26,16,0.360795,0.294278,0.360795
neg,657,10,9,0.367700,-0.000000,0.367700
neg,658,6,3,0.463361,-0.000000,0.463361
neg,659,11,1,0.467586,-0.000000,0.467586
neg,660,7,13,0.505484,-0.000000,0.505484
