jump_found,jump_from_flank,jump_to_flank,jump_delta,max_jump_from_flank,max_jump_to_flank,max_jump_delta,metric_before_jump,metric_after_jump,metric_at_last_flank,last_flank_evaluated,first_flank_ge_0_5,first_flank_ge_0_7,protein,pair_index,contact_pair,sequence_length,segment_radius,max_flank,stop_threshold,extra_after_hit,batch_size
True,21,22,0.917763230856508,21,22,0.917763230856508,0.0052572512067854404,0.9230204820632935,0.9014092087745667,27,22.0,22.0,1BRTA,0,"[119, 221]",277,5,60,0.5,2,4
True,34,35,0.5006504068151116,34,35,0.5006504068151116,0.009129702113568783,0.5097801089286804,0.6823639273643494,39,35.0,36.0,1BS0A,0,"[90, 276]",384,5,60,0.5,2,4
False,28,29,0.29933395981788635,28,29,0.29933395981788635,0.3285925090312958,0.6279264688491821,0.6412459015846252,60,29.0,,1DYPA,0,"[116, 228]",271,5,60,0.5,2,4
True,31,32,0.8087494093924761,31,32,0.8087494093924761,0.02782091312110424,0.8365703225135803,0.9992882609367371,35,32.0,32.0,1E6UA,0,"[19, 219]",321,5,60,0.5,2,4
True,37,38,0.6497481316328049,37,38,0.6497481316328049,0.03786499798297882,0.6876131296157837,0.7289187908172607,43,38.0,40.0,1ELUA,0,"[61, 281]",390,5,60,0.5,2,4
False,58,59,0.1658126413822174,58,59,0.1658126413822174,0.1051281988620758,0.2709408402442932,0.1551438421010971,60,,,1EU8A,0,"[21, 322]",409,5,60,0.5,2,4
True,34,35,0.8113056570291519,34,35,0.8113056570291519,0.005294010043144226,0.8165996670722961,0.9107640981674194,39,35.0,35.0,1F0KA,0,"[203, 315]",364,5,60,0.5,2,4
True,36,37,0.6778444573283195,36,37,0.6778444573283195,0.03726590424776077,0.7151103615760803,1.0661325454711914,39,37.0,37.0,1FNNA,0,"[48, 162]",389,5,60,0.5,2,4
False,15,16,0.46533084753900766,15,16,0.46533084753900766,0.00749152060598135,0.472822368144989,0.7771065831184387,60,17.0,17.0,1FVIA,0,"[23, 163]",297,5,60,0.5,2,4
False,25,26,0.0016406653448939323,25,26,0.0016406653448939323,0.006624055095016956,0.008264720439910889,0.00876612775027752,60,,,1GA8A,0,"[16, 265]",311,5,60,0.5,2,4
False,20,21,0.34969748742878437,20,21,0.34969748742878437,0.00601203553378582,0.3557095229625702,0.41977933049201965,60,,,1GVFA,0,"[33, 266]",286,5,60,0.5,2,4
True,19,20,0.7982972622849047,19,20,0.7982972622849047,0.00621219864115119,0.8045094609260559,0.7821371555328369,23,20.0,20.0,1IN4A,0,"[55, 174]",334,5,60,0.5,2,4
False,57,58,0.008607535623013973,57,58,0.008607535623013973,0.01298868004232645,0.021596215665340424,0.018610943108797073,60,,,1JX6A,0,"[64, 296]",342,5,60,0.5,2,4
True,26,27,0.5267895460128784,26,27,0.5267895460128784,0.45507049560546875,0.9818600416183472,0.9847198128700256,31,27.0,27.0,1K7JA,0,"[19, 131]",206,5,60,0.5,2,4
True,23,24,1.036940198391676,23,24,1.036940198391676,0.005879539996385574,1.0428197383880615,1.0405312776565552,27,24.0,24.0,1MJ5A,0,"[128, 240]",302,5,60,0.5,2,4
True,37,38,0.9586350871250033,37,38,0.9586350871250033,0.007887725718319416,0.9665228128433228,0.9321061372756958,43,38.0,38.0,1MO9A,0,"[47, 172]",523,5,60,0.5,2,4
True,9,10,0.7191210798919201,9,10,0.7191210798919201,0.006366688758134842,0.7254877686500549,0.7801510095596313,15,10.0,10.0,1NNLA,0,"[17, 175]",225,5,60,0.5,2,4
True,10,11,0.8920199759304523,10,11,0.8920199759304523,0.009720634669065475,0.9017406105995178,0.8995314240455627,15,11.0,11.0,1NOXA,0,"[64, 165]",205,5,60,0.5,2,4
False,18,19,0.010145050939172506,18,19,0.010145050939172506,0.006249588448554277,0.016394639387726784,0.012199032120406628,60,,,1NZYA,0,"[84, 232]",269,5,60,0.5,2,4
False,52,53,0.1067587360739708,52,53,0.1067587360739708,0.08973658829927444,0.19649532437324524,0.049501948058605194,60,,,1O97D,0,"[61, 172]",320,5,60,0.5,2,4
False,26,27,0.007434189319610596,26,27,0.007434189319610596,0.01481461152434349,0.022248800843954086,0.022249195724725723,60,,,1OOEA,0,"[19, 203]",236,5,60,0.5,2,4
False,44,45,0.001806073822081089,44,45,0.001806073822081089,0.00821751356124878,0.010023587383329868,0.0071678864769637585,60,,,1OZHA,0,"[227, 328]",566,5,60,0.5,2,4
False,8,9,0.0017323801293969154,8,9,0.0017323801293969154,0.00791323371231556,0.009645613841712475,0.007518337108194828,60,,,1P3DA,0,"[341, 455]",475,5,60,0.5,2,4
True,34,35,0.9853914026170969,34,35,0.9853914026170969,0.006885206326842308,0.9922766089439392,0.9777817130088806,39,35.0,35.0,1PVGA,0,"[101, 202]",418,5,60,0.5,2,4
True,23,24,0.9404117059893906,23,24,0.9404117059893906,0.00609884737059474,0.9465105533599854,0.9504746794700623,27,24.0,24.0,1Q0RA,0,"[122, 242]",298,5,60,0.5,2,4
True,56,57,0.689573367126286,56,57,0.689573367126286,0.007087807171046734,0.6966611742973328,0.7584546208381653,59,57.0,58.0,1Q6ZA,0,"[221, 322]",528,5,60,0.5,2,4
False,18,19,0.43446800438687205,18,19,0.43446800438687205,0.0050149825401604176,0.43948298692703247,0.5407841205596924,60,21.0,,1RKQA,0,"[30, 264]",282,5,60,0.5,2,4
True,55,56,0.620084005407989,55,56,0.620084005407989,0.009105485863983631,0.6291894912719727,0.9177616238594055,59,56.0,57.0,1RM6B,0,"[71, 210]",324,5,60,0.5,2,4
True,33,34,0.954162210226059,33,34,0.954162210226059,0.006728142499923706,0.9608903527259827,0.9929246306419373,39,34.0,34.0,1S0AA,0,"[67, 321]",429,5,60,0.5,2,4
True,39,40,0.9233292257413268,39,40,0.9233292257413268,0.005306371487677097,0.9286355972290039,0.9993082284927368,43,40.0,40.0,1SZWA,0,"[153, 343]",379,5,60,0.5,2,4
True,12,13,0.6712211547419429,12,13,0.6712211547419429,0.008651179261505604,0.6798723340034485,0.48108044266700745,15,13.0,,1UJ2A,0,"[25, 135]",252,5,60,0.5,2,4
True,36,37,0.7758466810919344,36,37,0.7758466810919344,0.006671646144241095,0.7825183272361755,0.934899628162384,39,37.0,37.0,1URSA,0,"[145, 268]",402,5,60,0.5,2,4
False,12,13,0.12405299115926027,12,13,0.12405299115926027,0.006879906170070171,0.13093289732933044,0.023704221472144127,60,,,1YARA,0,"[47, 213]",233,5,60,0.5,2,4
False,31,32,0.001526182983070612,31,32,0.001526182983070612,0.007262012455612421,0.008788195438683033,0.009373004548251629,60,,,1YFQA,0,"[17, 300]",342,5,60,0.5,2,4
True,32,33,0.7080526128411293,32,33,0.7080526128411293,0.09110864251852036,0.7991612553596497,0.9854175448417664,35,33.0,33.0,1YKIA,0,"[83, 189]",217,5,60,0.5,2,4
False,45,46,0.02666512504220009,45,46,0.02666512504220009,0.013774331659078598,0.040439456701278687,0.010541539639234543,60,,,1Z0SA,0,"[127, 259]",278,5,60,0.5,2,4
False,15,16,0.0019616391509771347,15,16,0.0019616391509771347,0.006764762103557587,0.008726401254534721,0.00739885913208127,60,,,1Z5ZA,0,"[31, 218]",271,5,60,0.5,2,4
False,17,18,0.011699029244482517,17,18,0.011699029244482517,0.005291149951517582,0.0169901791960001,0.015279468148946762,60,,,1ZMTA,0,"[18, 219]",254,5,60,0.5,2,4
True,52,53,0.6554945413954556,52,53,0.6554945413954556,0.005686193238943815,0.6611807346343994,0.6607898473739624,55,53.0,,1ZR6A,0,"[233, 340]",503,5,60,0.5,2,4
False,12,13,0.4191877692937851,12,13,0.4191877692937851,0.1296149045228958,0.5488026738166809,0.8734180331230164,60,13.0,15.0,2A35A,0,"[20, 187]",215,5,60,0.5,2,4
True,45,46,0.9780257940292358,45,46,0.9780257940292358,0.006297171115875244,0.9843229651451111,0.9947842359542847,51,46.0,46.0,2AQJA,0,"[35, 182]",538,5,60,0.5,2,4
True,33,34,0.9068594225682318,33,34,0.9068594225682318,0.006387328263372183,0.913246750831604,0.8926997184753418,39,34.0,34.0,2B61A,0,"[182, 316]",377,5,60,0.5,2,4
True,14,15,0.646045470610261,14,15,0.646045470610261,0.020715748891234398,0.6667612195014954,1.0095468759536743,19,15.0,17.0,2BD0A,0,"[20, 215]",244,5,60,0.5,2,4
False,13,14,0.007170437835156918,13,14,0.007170437835156918,0.006761465221643448,0.013931903056800365,0.015702448785305023,60,,,2C8MA,0,"[20, 238]",262,5,60,0.5,2,4
True,40,41,0.5070898439735174,40,41,0.5070898439735174,0.009528467431664467,0.5166183114051819,0.6198337078094482,43,41.0,,2D1SA,0,"[63, 169]",548,5,60,0.5,2,4
False,12,13,0.4144933223724365,12,13,0.4144933223724365,0.18304312229156494,0.5975364446640015,0.9849213361740112,60,13.0,14.0,2D2EA,0,"[32, 196]",250,5,60,0.5,2,4
True,29,30,0.871090903878212,29,30,0.871090903878212,0.005851432681083679,0.8769423365592957,0.8626959919929504,35,30.0,30.0,2DBYA,0,"[104, 205]",368,5,60,0.5,2,4
True,29,30,0.8866864247247577,29,30,0.8866864247247577,0.006488819606602192,0.8931752443313599,0.9284291863441467,35,30.0,30.0,2DEJA,0,"[182, 310]",350,5,60,0.5,2,4
False,24,25,0.001214800402522087,24,25,0.001214800402522087,0.007378274574875832,0.008593074977397919,0.007037710398435593,60,,,2DG1A,0,"[31, 309]",333,5,60,0.5,2,4
True,14,15,0.8680038792081177,14,15,0.8680038792081177,0.0057500856928527355,0.8737539649009705,0.8663170337677002,19,15.0,15.0,2DPMA,0,"[59, 172]",284,5,60,0.5,2,4
False,32,33,0.10262072086334229,32,33,0.10262072086334229,0.011389300227165222,0.11401002109050751,0.040281083434820175,60,,,2E5FA,0,"[179, 298]",325,5,60,0.5,2,4
True,32,33,0.9764952925033867,32,33,0.9764952925033867,0.006346974056214094,0.9828422665596008,0.9843112230300903,35,33.0,33.0,2EK8A,0,"[59, 203]",421,5,60,0.5,2,4
False,35,36,0.2387346113100648,35,36,0.2387346113100648,0.007773212157189846,0.24650782346725464,0.9919061064720154,60,38.0,39.0,2FBQA,0,"[94, 201]",235,5,60,0.5,2,4
False,15,16,0.032930932473391294,15,16,0.032930932473391294,0.0075601753778755665,0.04049110785126686,0.01403059158474207,60,,,2FEAA,0,"[86, 211]",236,5,60,0.5,2,4
False,41,42,0.005318411625921726,41,42,0.005318411625921726,0.00686904601752758,0.012187457643449306,0.009867469780147076,60,,,2FNUA,0,"[18, 238]",375,5,60,0.5,2,4
True,12,13,0.9391113626770675,12,13,0.9391113626770675,0.006978620309382677,0.9460899829864502,0.9409659504890442,15,13.0,13.0,2FWMX,0,"[23, 222]",250,5,60,0.5,2,4
True,34,35,0.6149561190977693,34,35,0.6149561190977693,0.010171196423470974,0.6251273155212402,1.0029098987579346,39,35.0,36.0,2H8GA,0,"[98, 207]",267,5,60,0.5,2,4
False,24,25,0.1359268371015787,24,25,0.1359268371015787,0.014290174469351768,0.15021701157093048,0.1502169817686081,60,,,2HF2A,0,"[30, 260]",283,5,60,0.5,2,4
False,11,12,0.006586587056517601,11,12,0.006586587056517601,0.008966540917754173,0.015553127974271774,0.00809780415147543,60,,,2HF9A,0,"[41, 144]",226,5,60,0.5,2,4
True,30,31,0.8960622451268137,30,31,0.8960622451268137,0.007447967771440744,0.9035102128982544,0.8924535512924194,35,31.0,31.0,2HFSA,0,"[190, 293]",332,5,60,0.5,2,4
True,38,39,0.9267075946554542,38,39,0.9267075946554542,0.008965463377535343,0.9356730580329895,0.8827195167541504,43,39.0,39.0,2I0ZA,0,"[30, 178]",447,5,60,0.5,2,4
False,23,24,0.0045137591660022736,23,24,0.0045137591660022736,0.012282533571124077,0.01679629273712635,0.00713765574619174,60,,,2IHTA,0,"[18, 149]",573,5,60,0.5,2,4
False,20,21,0.31460183998569846,20,21,0.31460183998569846,0.005581168923527002,0.32018300890922546,1.124222755432129,60,26.0,30.0,2II1A,0,"[76, 205]",301,5,60,0.5,2,4
True,43,44,0.9515254534780979,43,44,0.9515254534780979,0.007124003022909164,0.9586494565010071,0.987292468547821,47,44.0,44.0,2JBVA,0,"[41, 225]",546,5,60,0.5,2,4
False,41,42,0.0017947414889931679,41,42,0.0017947414889931679,0.006620354019105434,0.008415095508098602,0.006331293378025293,60,,,2NXWA,0,"[212, 340]",565,5,60,0.5,2,4
False,58,59,0.17627176642417908,58,59,0.17627176642417908,0.4615851938724518,0.6378569602966309,0.6486946940422058,60,55.0,,2OLTA,0,"[96, 209]",227,5,60,0.5,2,4
False,22,23,0.14230714738368988,22,23,0.14230714738368988,0.14401425421237946,0.28632140159606934,0.03076862543821335,60,,,2OZEA,0,"[38, 159]",298,5,60,0.5,2,4
True,57,58,1.0181522136554122,57,58,1.0181522136554122,0.006517910398542881,1.024670124053955,1.0184204578399658,60,58.0,58.0,2PEFA,0,"[224, 353]",373,5,60,0.5,2,4
False,56,57,0.001670843455940485,56,57,0.001670843455940485,0.007470575626939535,0.00914141908288002,0.00914141908288002,60,,,2PFZA,0,"[21, 238]",301,5,60,0.5,2,4
False,24,25,0.3446488082408905,24,25,0.3446488082408905,0.27499350905418396,0.6196423172950745,0.9955092668533325,60,25.0,27.0,2PJZA,0,"[33, 179]",263,5,60,0.5,2,4
True,48,49,0.8431730200536549,48,49,0.8431730200536549,0.0077302525751292706,0.8509032726287842,0.8396634459495544,51,49.0,49.0,2PKEA,0,"[16, 131]",251,5,60,0.5,2,4
True,49,50,0.9498743144795299,49,50,0.9498743144795299,0.005860594101250172,0.95573490858078,0.9249808192253113,55,50.0,50.0,2POKA,0,"[228, 354]",481,5,60,0.5,2,4
False,21,22,0.3584713339805603,21,22,0.3584713339805603,0.502403736114502,0.8608750700950623,0.9324544072151184,60,21.0,22.0,2PZMA,0,"[35, 225]",330,5,60,0.5,2,4
False,14,15,0.002116700168699026,14,15,0.002116700168699026,0.0072660003788769245,0.00938270054757595,0.009154001250863075,60,,,2Q7SA,0,"[27, 169]",290,5,60,0.5,2,4
True,53,54,0.5009374720975757,53,54,0.5009374720975757,0.01300757098942995,0.5139450430870056,0.9009641408920288,59,54.0,56.0,2QJ8A,0,"[66, 221]",332,5,60,0.5,2,4
True,15,16,1.248667678795755,15,16,1.248667678795755,0.010512032546103,1.259179711341858,1.2120535373687744,19,16.0,16.0,2QM0A,0,"[50, 156]",275,5,60,0.5,2,4
False,52,53,0.13226363062858582,52,53,0.13226363062858582,0.17262142896652222,0.30488505959510803,0.2999187111854553,60,,,2QNIA,0,"[25, 159]",219,5,60,0.5,2,4
True,12,13,0.8328932439908385,12,13,0.8328932439908385,0.005588063038885593,0.8384813070297241,0.9218496084213257,15,13.0,13.0,2QQ5A,0,"[21, 232]",260,5,60,0.5,2,4
True,20,21,0.763299347832799,20,21,0.763299347832799,0.02352791838347912,0.7868272662162781,0.772275447845459,23,21.0,21.0,2QSXA,0,"[70, 189]",218,5,60,0.5,2,4
True,28,29,0.5409580133855343,28,29,0.5409580133855343,0.04156682267785072,0.582524836063385,0.5808717012405396,31,29.0,,2QY6A,0,"[63, 177]",257,5,60,0.5,2,4
True,18,19,0.8904211181215942,18,19,0.8904211181215942,0.006544504780322313,0.8969656229019165,0.8266658186912537,23,19.0,19.0,2R6JA,0,"[28, 196]",318,5,60,0.5,2,4
False,5,6,0.0012435666285455227,5,6,0.0012435666285455227,0.006038355641067028,0.007281922269612551,0.00602350989356637,60,,,2RKVA,0,"[232, 426]",451,5,60,0.5,2,4
True,37,38,0.796387329697609,37,38,0.796387329697609,0.1746833771467209,0.9710707068443298,1.0448929071426392,43,38.0,38.0,2UUQA,0,"[128, 372]",414,5,60,0.5,2,4
True,53,54,0.946066371165216,53,54,0.946066371165216,0.0060021961107850075,0.952068567276001,0.9652079939842224,59,54.0,54.0,2UYTA,0,"[254, 397]",489,5,60,0.5,2,4
False,32,33,0.003822773229330778,32,33,0.003822773229330778,0.007799956481903791,0.01162272971123457,0.008316711522638798,60,,,2V2FF,0,"[68, 331]",390,5,60,0.5,2,4
False,58,59,0.005600581876933575,58,59,0.005600581876933575,0.00755422655493021,0.013154808431863785,0.013427723199129105,60,,,2VK8A,0,"[201, 333]",563,5,60,0.5,2,4
False,42,43,0.3262893855571747,42,43,0.3262893855571747,0.23758354783058167,0.5638729333877563,0.7172085046768188,60,43.0,50.0,2W5QA,0,"[33, 191]",424,5,60,0.5,2,4
False,52,53,0.49547770619392395,52,53,0.49547770619392395,0.3862387239933014,0.8817164301872253,1.1391745805740356,60,53.0,53.0,2WIYA,0,"[108, 356]",394,5,60,0.5,2,4
False,28,29,0.0011434825137257576,28,29,0.0011434825137257576,0.006703875958919525,0.007847358472645283,0.0066508143208920956,60,,,2WVGA,0,"[198, 327]",568,5,60,0.5,2,4
True,15,16,0.6538170017302036,15,16,0.6538170017302036,0.008815404027700424,0.662632405757904,0.7790337800979614,19,16.0,18.0,2WZVA,0,"[75, 188]",235,5,60,0.5,2,4
False,39,40,0.20340795814990997,39,40,0.20340795814990997,0.12122960388660431,0.3246375620365143,0.11296000331640244,60,,,2X3LA,0,"[85, 235]",446,5,60,0.5,2,4
True,37,38,1.0639764699153602,37,38,1.0639764699153602,0.006565507967025042,1.0705419778823853,1.0743399858474731,43,38.0,38.0,2XD3A,0,"[145, 280]",416,5,60,0.5,2,4
False,31,32,0.39426636695861816,31,32,0.39426636695861816,0.3180692791938782,0.7123356461524963,1.0620466470718384,60,32.0,32.0,2YHWA,0,"[161, 288]",343,5,60,0.5,2,4
True,28,29,1.0737632950767875,28,29,1.0737632950767875,0.00664933118969202,1.0804126262664795,1.078613519668579,31,29.0,29.0,2YXZA,0,"[154, 262]",311,5,60,0.5,2,4
True,40,41,0.5338520328514278,40,41,0.5338520328514278,0.007621713448315859,0.5414737462997437,0.5415303111076355,43,41.0,,3AXBA,0,"[27, 246]",448,5,60,0.5,2,4
False,8,9,0.0036659855395555496,8,9,0.0036659855395555496,0.009325608611106873,0.012991594150662422,0.013861618004739285,60,,,3BF5A,0,"[24, 144]",306,5,60,0.5,2,4
False,21,22,0.017694346141070127,21,22,0.017694346141070127,0.00576285133138299,0.023457197472453117,0.009941388852894306,60,,,3BS6A,0,"[121, 250]",280,5,60,0.5,2,4
True,21,22,0.795322272926569,21,22,0.795322272926569,0.007136847823858261,0.8024591207504272,0.8428522944450378,27,22.0,22.0,3BWXA,0,"[125, 231]",285,5,60,0.5,2,4
False,48,49,0.23864227253943682,48,49,0.23864227253943682,0.012955429963767529,0.25159770250320435,0.011348075233399868,60,,,3C8MA,0,"[171, 294]",331,5,60,0.5,2,4
True,48,49,0.8013155530206859,48,49,0.8013155530206859,0.005276613403111696,0.8065921664237976,0.8211398124694824,51,49.0,49.0,3C96A,0,"[19, 330]",410,5,60,0.5,2,4
True,26,27,1.177345464937389,26,27,1.177345464937389,0.009475399740040302,1.1868208646774292,1.223803162574768,31,27.0,27.0,3C9UA,0,"[187, 301]",342,5,60,0.5,2,4
True,16,17,0.9276613919064403,16,17,0.9276613919064403,0.0062228115275502205,0.9338842034339905,0.880569577217102,19,17.0,17.0,3CJMA,0,"[53, 249]",282,5,60,0.5,2,4
True,52,53,1.056244664825499,52,53,1.056244664825499,0.0065500205382704735,1.0627946853637695,1.0499407052993774,55,53.0,53.0,3CKCA,0,"[224, 420]",527,5,60,0.5,2,4
True,48,49,0.8264803197234869,48,49,0.8264803197234869,0.007427344098687172,0.8339076638221741,0.8302230834960938,51,49.0,49.0,3CRVA,0,"[176, 319]",551,5,60,0.5,2,4
True,14,15,0.7290726397186518,14,15,0.7290726397186518,0.005712321028113365,0.7347849607467651,0.8537255525588989,19,15.0,15.0,3CSSA,0,"[41, 159]",267,5,60,0.5,2,4
False,55,56,0.05951273161917925,55,56,0.05951273161917925,0.013776938430964947,0.0732896700501442,0.07348144054412842,60,,,3CWVA,0,"[230, 336]",369,5,60,0.5,2,4
False,33,34,0.24422094598412514,33,34,0.24422094598412514,0.008918043226003647,0.2531389892101288,0.15047036111354828,60,,,3D3YA,0,"[28, 203]",425,5,60,0.5,2,4
True,22,23,1.1819661241024733,22,23,1.1819661241024733,0.008521737530827522,1.1904878616333008,1.075394868850708,27,23.0,23.0,3DGTA,0,"[122, 240]",280,5,60,0.5,2,4
True,31,32,0.8535912111401558,31,32,0.8535912111401558,0.007955603301525116,0.8615468144416809,0.8884504437446594,35,32.0,32.0,3DJEA,0,"[34, 178]",438,5,60,0.5,2,4
False,26,27,0.0026345383375883102,26,27,0.0026345383375883102,0.00843095313757658,0.01106549147516489,0.007685236167162657,60,,,3DSKA,0,"[350, 455]",495,5,60,0.5,2,4
True,24,25,0.8711701463907957,24,25,0.8711701463907957,0.005088226869702339,0.876258373260498,0.8865117430686951,27,25.0,25.0,3E48A,0,"[16, 179]",289,5,60,0.5,2,4
False,56,57,0.3907661736011505,56,57,0.3907661736011505,0.2756079137325287,0.6663740873336792,0.6677912473678589,60,57.0,58.0,3EAFA,0,"[252, 354]",391,5,60,0.5,2,4
False,57,58,0.034900407306849957,57,58,0.034900407306849957,0.012712211348116398,0.047612618654966354,0.04911132529377937,60,,,3FD3A,0,"[66, 177]",208,5,60,0.5,2,4
False,31,32,0.039144109934568405,31,32,0.039144109934568405,0.016818765550851822,0.05596287548542023,0.08932863920927048,60,,,3FDUA,0,"[91, 226]",266,5,60,0.5,2,4
False,24,25,0.0028706230223178864,24,25,0.0028706230223178864,0.0063680848106741905,0.009238707832992077,0.008066038601100445,60,,,3FFRA,0,"[47, 253]",362,5,60,0.5,2,4
False,26,27,0.475376695394516,26,27,0.475376695394516,0.02144402265548706,0.49682071805000305,0.7430000901222229,60,32.0,45.0,3FWYA,0,"[51, 167]",314,5,60,0.5,2,4
True,33,34,0.9405821301043034,33,34,0.9405821301043034,0.01426699385046959,0.954849123954773,1.0042537450790405,39,34.0,34.0,3FXQA,0,"[159, 271]",305,5,60,0.5,2,4
False,16,17,0.0033202962949872017,16,17,0.0033202962949872017,0.005610217340290546,0.008930513635277748,0.006974194198846817,60,,,3G68A,0,"[193, 321]",352,5,60,0.5,2,4
True,39,40,0.650535836815834,39,40,0.650535836815834,0.22625528275966644,0.8767911195755005,0.9597678184509277,43,40.0,40.0,3GO6A,0,"[22, 147]",310,5,60,0.5,2,4
False,12,13,0.002727989573031664,12,13,0.002727989573031664,0.0054434058256447315,0.008171395398676395,0.014402646571397781,60,,,3GUYA,0,"[17, 201]",230,5,60,0.5,2,4
True,32,33,0.8122601117938757,32,33,0.8122601117938757,0.03028581477701664,0.8425459265708923,0.9617177248001099,35,33.0,33.0,3GYBA,0,"[26, 238]",280,5,60,0.5,2,4
True,37,38,0.7336326837539673,37,38,0.7336326837539673,0.15315234661102295,0.8867850303649902,0.8288587331771851,43,38.0,38.0,3H14A,0,"[52, 269]",391,5,60,0.5,2,4
False,40,41,0.22826627641916275,40,41,0.22826627641916275,0.10649871081113815,0.3347649872303009,0.040087416768074036,60,,,3H7IA,0,"[16, 150]",305,5,60,0.5,2,4
True,48,49,0.9464361197315156,48,49,0.9464361197315156,0.005449103657156229,0.9518852233886719,0.9515480399131775,51,49.0,49.0,3HDXA,0,"[218, 369]",478,5,60,0.5,2,4
False,22,23,0.3056960701942444,22,23,0.3056960701942444,0.19692730903625488,0.5026233792304993,0.9076341986656189,60,23.0,24.0,3HO7A,0,"[76, 189]",232,5,60,0.5,2,4
True,54,55,1.0480542187578976,54,55,1.0480542187578976,0.006885170470923185,1.0549393892288208,1.0640342235565186,59,55.0,55.0,3HZ6A,0,"[260, 406]",511,5,60,0.5,2,4
False,29,30,0.003973367158323526,29,30,0.003973367158323526,0.005112932529300451,0.009086299687623978,0.00935642421245575,60,,,3I1AA,0,"[122, 261]",339,5,60,0.5,2,4
True,53,54,1.039677650667727,53,54,1.039677650667727,0.006544201634824276,1.0462218523025513,1.0013911724090576,59,54.0,54.0,3I4GA,0,"[220, 393]",528,5,60,0.5,2,4
True,57,58,0.9938365910202265,57,58,0.9938365910202265,0.006233980879187584,1.000070571899414,0.9964191913604736,60,58.0,58.0,3IHVA,0,"[224, 404]",535,5,60,0.5,2,4
False,23,24,0.0018450608476996422,23,24,0.0018450608476996422,0.007474532350897789,0.009319593198597431,0.0074912505224347115,60,,,3IIIA,0,"[394, 510]",560,5,60,0.5,2,4
True,8,9,0.9283266607671976,8,9,0.9283266607671976,0.01482284627854824,0.9431495070457458,0.9578245878219604,11,9.0,9.0,3IRVA,0,"[25, 143]",233,5,60,0.5,2,4
False,13,14,0.007815882563591003,13,14,0.007815882563591003,0.00715543981641531,0.014971322380006313,0.014323140494525433,60,,,3IS6A,0,"[18, 220]",244,5,60,0.5,2,4
False,55,56,0.23443202674388885,55,56,0.23443202674388885,0.06899146735668182,0.3034234941005707,0.43692436814308167,60,,,3ISAA,0,"[85, 222]",254,5,60,0.5,2,4
False,12,13,0.0006813178770244122,12,13,0.0006813178770244122,0.0063171666115522385,0.006998484488576651,0.00705200107768178,60,,,3ISRA,0,"[16, 268]",293,5,60,0.5,2,4
False,57,58,0.007747489959001541,57,58,0.007747489959001541,0.008492980152368546,0.016240470111370087,0.009088633581995964,60,,,3JQ0A,0,"[211, 370]",493,5,60,0.5,2,4
True,49,50,0.9318629903718829,49,50,0.9318629903718829,0.006262798793613911,0.9381257891654968,0.9423187971115112,55,50.0,50.0,3JQ1A,0,"[201, 366]",481,5,60,0.5,2,4
True,49,50,0.9475176930427551,49,50,0.9475176930427551,0.06529837846755981,1.012816071510315,1.0091599225997925,55,50.0,50.0,3JS8A,0,"[102, 210]",540,5,60,0.5,2,4
True,51,52,0.6519536375999451,51,52,0.6519536375999451,0.2897763252258301,0.9417299628257751,0.9452620148658752,55,52.0,52.0,3JTXA,0,"[49, 285]",396,5,60,0.5,2,4
False,27,28,0.006557130720466375,27,28,0.006557130720466375,0.007156036328524351,0.013713167048990726,0.0076116640120744705,60,,,3K0BA,0,"[57, 250]",393,5,60,0.5,2,4
False,0,1,0.0030359532684087753,0,1,0.0030359532684087753,0.009833026677370071,0.012868979945778847,0.009003040380775928,60,,,3KF3A,0,"[355, 487]",509,5,60,0.5,2,4
False,22,23,0.15875324606895447,22,23,0.15875324606895447,0.45048996806144714,0.6092432141304016,1.0441551208496094,60,23.0,25.0,3L39A,0,"[106, 208]",227,5,60,0.5,2,4
True,52,53,1.0061257081106305,52,53,1.0061257081106305,0.005810241214931011,1.0119359493255615,1.0138684511184692,55,53.0,53.0,3LEWA,0,"[225, 352]",495,5,60,0.5,2,4
True,36,37,0.66251683793962,36,37,0.66251683793962,0.025164062157273293,0.6876809000968933,0.46548476815223694,39,37.0,,3LHQA,0,"[96, 198]",220,5,60,0.5,2,4
True,53,54,0.8812296804971993,53,54,0.8812296804971993,0.00597842363640666,0.887208104133606,0.8927850723266602,59,54.0,54.0,3LL3A,0,"[256, 397]",504,5,60,0.5,2,4
False,57,58,0.0012995381839573383,57,58,0.0012995381839573383,0.00771332299336791,0.009012861177325249,0.008994321338832378,60,,,3LOGA,0,"[18, 150]",451,5,60,0.5,2,4
False,57,58,0.005627787671983242,57,58,0.005627787671983242,0.0069707101210951805,0.012598497793078423,0.013746647164225578,60,,,3LY1A,0,"[37, 250]",354,5,60,0.5,2,4
False,22,23,0.0241245967335999,22,23,0.0241245967335999,0.007720004301518202,0.0318446010351181,0.0337875559926033,60,,,3M6NA,0,"[124, 270]",305,5,60,0.5,2,4
False,27,28,0.20133718848228455,27,28,0.20133718848228455,0.3489508330821991,0.5502880215644836,0.9679624438285828,60,28.0,33.0,3MW8A,0,"[35, 153]",240,5,60,0.5,2,4
False,16,17,0.0030833547934889793,16,17,0.0030833547934889793,0.009379942901432514,0.012463297694921494,0.008169839158654213,60,,,3NRSA,0,"[314, 419]",437,5,60,0.5,2,4
True,34,35,0.7953557725995779,34,35,0.7953557725995779,0.006032193079590797,0.8013879656791687,0.805905282497406,39,35.0,35.0,3NX3A,0,"[96, 258]",395,5,60,0.5,2,4
False,54,55,0.2633828818798065,54,55,0.2633828818798065,0.40065476298332214,0.6640376448631287,0.6498047709465027,60,55.0,,3O94A,0,"[24, 147]",211,5,60,0.5,2,4
True,16,17,0.6833383720368147,16,17,0.6833383720368147,0.005448373034596443,0.6887867450714111,0.5632356405258179,19,17.0,,3OHGA,0,"[48, 202]",285,5,60,0.5,2,4
True,23,24,0.8645094302482903,23,24,0.8645094302482903,0.006608638446778059,0.8711180686950684,1.051780343055725,27,24.0,24.0,3OHRA,0,"[128, 230]",303,5,60,0.5,2,4
True,38,39,1.0013934415765107,38,39,1.0013934415765107,0.006936784368008375,1.008330225944519,1.0078812837600708,43,39.0,39.0,3OKPA,0,"[219, 336]",394,5,60,0.5,2,4
False,57,58,0.2975315749645233,57,58,0.2975315749645233,0.1211102306842804,0.4186418056488037,0.6264368891716003,60,59.0,59.0,3OP7A,0,"[69, 262]",375,5,60,0.5,2,4
True,20,21,0.7222946202382445,20,21,0.7222946202382445,0.008232065476477146,0.7305266857147217,0.7313851118087769,23,21.0,21.0,3OQPA,0,"[38, 183]",211,5,60,0.5,2,4
False,16,17,0.004527465905994177,16,17,0.004527465905994177,0.005301987286657095,0.009829453192651272,0.010980303399264812,60,,,3P8KA,0,"[23, 254]",281,5,60,0.5,2,4
True,59,60,1.0506207924336195,59,60,1.0506207924336195,0.005104662850499153,1.0557254552841187,1.0557254552841187,60,60.0,60.0,3PBTA,0,"[208, 480]",538,5,60,0.5,2,4
False,58,59,0.34181829541921616,58,59,0.34181829541921616,0.11913267523050308,0.46095097064971924,0.7081568837165833,60,60.0,60.0,3PFOA,0,"[218, 335]",433,5,60,0.5,2,4
False,23,24,0.0022828918881714344,23,24,0.0022828918881714344,0.007421215530484915,0.00970410741865635,0.007611126638948917,60,,,3PIJA,0,"[391, 508]",526,5,60,0.5,2,4
False,48,49,0.2731175124645233,48,49,0.2731175124645233,0.19592508673667908,0.4690425992012024,0.4552651643753052,60,51.0,,3POPA,0,"[101, 204]",501,5,60,0.5,2,4
True,26,27,0.7698850892484188,26,27,0.7698850892484188,0.01894805207848549,0.7888331413269043,0.7513115406036377,31,27.0,27.0,3QDLA,0,"[84, 186]",210,5,60,0.5,2,4
True,12,13,0.8375133229419589,12,13,0.8375133229419589,0.014888946898281574,0.8524022698402405,0.798409104347229,15,13.0,13.0,3QSJA,0,"[27, 178]",232,5,60,0.5,2,4
True,37,38,0.96414635470137,37,38,0.96414635470137,0.005351147148758173,0.9694975018501282,0.9910587072372437,43,38.0,38.0,3QUFA,0,"[139, 280]",414,5,60,0.5,2,4
False,53,54,0.13056623563170433,53,54,0.13056623563170433,0.018257100135087967,0.1488233357667923,0.05362875759601593,60,,,3QVLA,0,"[102, 209]",245,5,60,0.5,2,4
False,26,27,0.12013596296310425,26,27,0.12013596296310425,0.13245192170143127,0.2525878846645355,0.20206478238105774,60,,,3R6DA,0,"[21, 187]",221,5,60,0.5,2,4
False,21,22,0.04364777309820056,21,22,0.04364777309820056,0.007113200146704912,0.05076097324490547,0.007078524678945541,60,,,3RJUA,0,"[28, 324]",351,5,60,0.5,2,4
False,52,53,0.0084044742397964,52,53,0.0084044742397964,0.006434955168515444,0.014839429408311844,0.013349557295441628,60,,,3RQTA,0,"[249, 381]",486,5,60,0.5,2,4
True,13,14,1.0347449728287756,13,14,1.0347449728287756,0.004706983920186758,1.0394519567489624,1.0487078428268433,19,14.0,14.0,3SD7A,0,"[32, 188]",240,5,60,0.5,2,4
False,51,52,0.4456928223371506,51,52,0.4456928223371506,0.15079690515995026,0.5964897274971008,0.05251714214682579,60,52.0,,3SG8A,0,"[122, 246]",304,5,60,0.5,2,4
True,20,21,0.8310169707983732,20,21,0.8310169707983732,0.017198072746396065,0.8482150435447693,0.13836608827114105,23,21.0,21.0,3T4LA,0,"[78, 195]",270,5,60,0.5,2,4
False,58,59,0.4589955061674118,58,59,0.4589955061674118,0.08625181019306183,0.5452473163604736,0.61834716796875,60,59.0,,3T7DA,0,"[302, 431]",497,5,60,0.5,2,4
False,21,22,0.4358127489686012,21,22,0.4358127489686012,0.07149799913167953,0.5073107481002808,1.045877456665039,60,22.0,23.0,3TG2A,0,"[31, 142]",223,5,60,0.5,2,4
True,9,10,0.8776396326720715,9,10,0.8776396326720715,0.006923694163560867,0.8845633268356323,0.9568720459938049,15,10.0,10.0,3UCEA,0,"[21, 198]",223,5,60,0.5,2,4
True,13,14,0.9468244947493076,13,14,0.9468244947493076,0.007500823587179184,0.9543253183364868,0.9132052063941956,19,14.0,14.0,3UCXA,0,"[27, 237]",264,5,60,0.5,2,4
True,58,59,0.9833966880105436,58,59,0.9833966880105436,0.0071443528868258,0.9905410408973694,0.9934971332550049,60,59.0,59.0,3UGFA,0,"[379, 481]",546,5,60,0.5,2,4
False,58,59,0.29527217149734497,58,59,0.29527217149734497,0.34743863344192505,0.64271080493927,0.6608174443244934,60,59.0,,3VCAA,0,"[184, 329]",412,5,60,0.5,2,4
False,2,3,0.0012157447636127472,2,3,0.0012157447636127472,0.005514946300536394,0.006730691064149141,0.00702317338436842,60,,,3VOTA,0,"[21, 313]",425,5,60,0.5,2,4
True,12,13,0.9897441482171416,12,13,0.9897441482171416,0.0057581448927521706,0.9955022931098938,1.0688222646713257,15,13.0,13.0,3VQJA,0,"[93, 196]",219,5,60,0.5,2,4
False,18,19,0.002445378340780735,18,19,0.002445378340780735,0.00671981368213892,0.009165192022919655,0.008999921381473541,60,,,3VYPA,0,"[116, 236]",269,5,60,0.5,2,4
True,28,29,0.5542023554444313,28,29,0.5542023554444313,0.006573818624019623,0.5607761740684509,0.6550760269165039,31,29.0,,3WJPA,0,"[167, 277]",338,5,60,0.5,2,4
True,26,27,1.0080034099519253,26,27,1.0080034099519253,0.0084649957716465,1.0164684057235718,0.9638584852218628,31,27.0,27.0,3WMRA,0,"[146, 260]",315,5,60,0.5,2,4
True,40,41,0.6440758276730776,40,41,0.6440758276730776,0.005848629400134087,0.6499244570732117,0.7287419438362122,43,41.0,43.0,4A2BA,0,"[210, 333]",419,5,60,0.5,2,4
True,34,35,0.8246267293579876,34,35,0.8246267293579876,0.006496801506727934,0.8311235308647156,0.879266083240509,39,35.0,35.0,4A6RA,0,"[74, 333]",459,5,60,0.5,2,4
False,14,15,0.036720363423228264,14,15,0.036720363423228264,0.008406994864344597,0.04512735828757286,0.02173159271478653,60,,,4BFCA,0,"[60, 190]",235,5,60,0.5,2,4
False,43,44,0.1059575229883194,43,44,0.1059575229883194,0.15939994156360626,0.26535746455192566,0.11828390508890152,60,,,4BRCA,0,"[151, 262]",368,5,60,0.5,2,4
False,31,32,0.002360139973461628,31,32,0.002360139973461628,0.008029161021113396,0.010389300994575024,0.009236817248165607,60,,,4C12A,0,"[347, 452]",501,5,60,0.5,2,4
True,26,27,0.7161231134086847,26,27,0.7161231134086847,0.030344894155859947,0.7464680075645447,0.9317505955696106,31,27.0,27.0,4DM7A,0,"[126, 239]",301,5,60,0.5,2,4
True,29,30,0.8269731006585062,29,30,0.8269731006585062,0.006524721626192331,0.8334978222846985,0.7107738256454468,35,30.0,30.0,4E1BA,0,"[19, 131]",352,5,60,0.5,2,4
False,27,28,0.33339213766157627,27,28,0.33339213766157627,0.013421928510069847,0.3468140661716461,0.016498783603310585,60,,,4E69A,0,"[26, 149]",328,5,60,0.5,2,4
True,18,19,0.9348423555493355,18,19,0.9348423555493355,0.0068762823939323425,0.9417186379432678,0.9005501866340637,23,19.0,19.0,4EHUA,0,"[97, 211]",276,5,60,0.5,2,4
False,27,28,0.44925022264942527,27,28,0.44925022264942527,0.006373284850269556,0.4556235074996948,0.9896268248558044,60,30.0,32.0,4EQBA,0,"[115, 224]",330,5,60,0.5,2,4
False,4,5,0.001469914335757494,4,5,0.001469914335757494,0.004484688397496939,0.005954602733254433,0.004577296786010265,60,,,4EWFA,0,"[16, 257]",275,5,60,0.5,2,4
True,31,32,0.5673601115122437,31,32,0.5673601115122437,0.008524290286004543,0.5758844017982483,0.8357748985290527,35,32.0,34.0,4EX6A,0,"[22, 123]",237,5,60,0.5,2,4
True,35,36,0.9096552962437272,35,36,0.9096552962437272,0.006884253583848476,0.9165395498275757,0.9245268702507019,39,36.0,36.0,4EZIA,0,"[194, 311]",377,5,60,0.5,2,4
True,34,35,0.7878323504701257,34,35,0.7878323504701257,0.0055140545591712,0.7933464050292969,0.864804208278656,39,35.0,35.0,4FB2A,0,"[114, 352]",398,5,60,0.5,2,4
True,17,18,0.6756013035774231,17,18,0.6756013035774231,0.01406627893447876,0.6896675825119019,0.912536084651947,23,18.0,19.0,4G41A,0,"[62, 184]",236,5,60,0.5,2,4
True,35,36,1.1679101646877825,35,36,1.1679101646877825,0.00704496493563056,1.174955129623413,1.1278618574142456,39,36.0,36.0,4H3VA,0,"[163, 264]",390,5,60,0.5,2,4
True,27,28,0.7908698907122016,27,28,0.7908698907122016,0.00782936904579401,0.7986992597579956,0.7683973908424377,31,28.0,28.0,4HACA,0,"[184, 286]",321,5,60,0.5,2,4
False,24,25,0.0686408095061779,24,25,0.0686408095061779,0.030447881668806076,0.09908869117498398,0.03916243091225624,60,,,4HESA,0,"[32, 243]",275,5,60,0.5,2,4
True,18,19,0.8487325110472739,18,19,0.8487325110472739,0.0055777630768716335,0.8543102741241455,0.8202370405197144,23,19.0,19.0,4HZIA,0,"[63, 228]",294,5,60,0.5,2,4
False,48,49,0.007836922071874142,48,49,0.007836922071874142,0.008058005012571812,0.015894927084445953,0.024081772193312645,60,,,4I0WB,0,"[199, 310]",477,5,60,0.5,2,4
False,52,53,0.2602590583264828,52,53,0.2602590583264828,0.011296305805444717,0.2715553641319275,0.9467169642448425,60,54.0,55.0,4IJNA,0,"[207, 327]",398,5,60,0.5,2,4
False,51,52,0.21017318032681942,51,52,0.21017318032681942,0.02588842250406742,0.23606160283088684,0.39714232087135315,60,,,4KAVA,0,"[25, 166]",335,5,60,0.5,2,4
False,48,49,0.4812162518501282,48,49,0.4812162518501282,0.24401283264160156,0.7252290844917297,0.7397522926330566,60,38.0,49.0,4L2IA,0,"[73, 187]",346,5,60,0.5,2,4
False,52,53,0.20070484280586243,52,53,0.20070484280586243,0.327745646238327,0.5284504890441895,0.7423752546310425,60,53.0,59.0,4ME3A,0,"[126, 238]",268,5,60,0.5,2,4
True,40,41,0.9924034248106182,40,41,0.9924034248106182,0.006346725393086672,0.9987501502037048,0.9955371022224426,43,41.0,41.0,4MFIA,0,"[157, 288]",436,5,60,0.5,2,4
True,58,59,1.0342442099936306,58,59,1.0342442099936306,0.00530466390773654,1.0395488739013672,1.0162683725357056,60,59.0,59.0,4MNRA,0,"[132, 427]",457,5,60,0.5,2,4
False,29,30,0.24392685294151306,29,30,0.24392685294151306,0.1385217308998108,0.38244858384132385,0.5346426367759705,60,33.0,,4MX6A,0,"[57, 276]",346,5,60,0.5,2,4
False,23,24,0.4186425060033798,23,24,0.4186425060033798,0.045975878834724426,0.46461838483810425,0.9876273274421692,60,28.0,31.0,4N13A,0,"[80, 226]",265,5,60,0.5,2,4
True,31,32,0.773802634794265,31,32,0.773802634794265,0.006457451265305281,0.7802600860595703,0.8655273914337158,35,32.0,32.0,4N91A,0,"[183, 308]",347,5,60,0.5,2,4
True,37,38,0.9174108393490314,37,38,0.9174108393490314,0.006285917013883591,0.923696756362915,0.9268553256988525,43,38.0,38.0,4N9WA,0,"[214, 325]",390,5,60,0.5,2,4
False,25,26,0.0033439858816564083,25,26,0.0033439858816564083,0.005376934539526701,0.00872092042118311,0.006494191009551287,60,,,4NN3A,0,"[49, 269]",357,5,60,0.5,2,4
True,20,21,0.9325493276119232,20,21,0.9325493276119232,0.008333772420883179,0.9408831000328064,0.9512385129928589,23,21.0,21.0,4NTDA,0,"[34, 135]",340,5,60,0.5,2,4
True,23,24,1.0323502626270056,23,24,1.0323502626270056,0.007222214713692665,1.0395724773406982,1.0591468811035156,27,24.0,24.0,4O5FA,0,"[142, 245]",280,5,60,0.5,2,4
True,14,15,0.90368148451671,14,15,0.90368148451671,0.006172152701765299,0.9098536372184753,0.9721783399581909,19,15.0,15.0,4O5OA,0,"[29, 236]",263,5,60,0.5,2,4
True,13,14,1.0079528470523655,13,14,1.0079528470523655,0.00632496876642108,1.0142778158187866,0.9999421834945679,19,14.0,14.0,4O6VA,0,"[28, 214]",242,5,60,0.5,2,4
False,23,24,0.0012066327035427094,23,24,0.0012066327035427094,0.007881909608840942,0.009088542312383652,0.008721766993403435,60,,,4OEVA,0,"[234, 462]",494,5,60,0.5,2,4
True,54,55,0.8235075552947819,54,55,0.8235075552947819,0.00725614232942462,0.8307636976242065,0.8095795512199402,59,55.0,55.0,4OPCA,0,"[20, 311]",453,5,60,0.5,2,4
True,20,21,0.761670604813844,20,21,0.761670604813844,0.007253929506987333,0.7689245343208313,0.862433910369873,23,21.0,21.0,4OY3A,0,"[61, 181]",231,5,60,0.5,2,4
False,26,27,0.4544624388217926,26,27,0.4544624388217926,0.008556604385375977,0.4630190432071686,0.9518769383430481,60,28.0,32.0,4P6BA,0,"[66, 193]",390,5,60,0.5,2,4
False,50,51,0.23459976445883512,50,51,0.23459976445883512,0.01362000871449709,0.24821977317333221,0.47986894845962524,60,,,4PXEA,0,"[234, 339]",430,5,60,0.5,2,4
True,21,22,1.047179494984448,21,22,1.047179494984448,0.006086076609790325,1.0532655715942383,1.0349680185317993,27,22.0,22.0,4Q6BA,0,"[32, 292]",356,5,60,0.5,2,4
False,42,43,0.19322699308395386,42,43,0.19322699308395386,0.18034735321998596,0.3735743463039398,0.8454577922821045,60,44.0,48.0,4QBUA,0,"[96, 369]",444,5,60,0.5,2,4
False,59,60,0.0013018865138292313,59,60,0.0013018865138292313,0.007406937889754772,0.008708824403584003,0.008708824403584003,60,,,4QFLA,0,"[32, 243]",541,5,60,0.5,2,4
True,13,14,0.6251657865941525,13,14,0.6251657865941525,0.013074908405542374,0.6382406949996948,0.5734704732894897,19,14.0,15.0,4QRHA,0,"[26, 183]",210,5,60,0.5,2,4
False,52,53,0.18822485208511353,52,53,0.18822485208511353,0.43013936281204224,0.6183642148971558,0.5770490765571594,60,53.0,,4R2FA,0,"[97, 310]",431,5,60,0.5,2,4
True,39,40,0.9952223259024322,39,40,0.9952223259024322,0.005878452677279711,1.001100778579712,1.0159400701522827,43,40.0,40.0,4R6HA,0,"[146, 288]",428,5,60,0.5,2,4
False,41,42,0.43329964159056544,41,42,0.43329964159056544,0.006296892184764147,0.4395965337753296,0.5238615870475769,60,43.0,45.0,4R6KA,0,"[150, 289]",428,5,60,0.5,2,4
True,26,27,0.7939634080976248,26,27,0.7939634080976248,0.004912877455353737,0.7988762855529785,1.0296376943588257,31,27.0,27.0,4R75A,0,"[109, 220]",321,5,60,0.5,2,4
True,39,40,0.8890464687719941,39,40,0.8890464687719941,0.008793673478066921,0.897840142250061,0.8797301650047302,43,40.0,40.0,4R9FA,0,"[109, 334]",447,5,60,0.5,2,4
True,16,17,0.7458308935165405,16,17,0.7458308935165405,0.009771585464477539,0.7556024789810181,0.8806734681129456,19,17.0,17.0,4RJ2A,0,"[72, 186]",237,5,60,0.5,2,4
False,53,54,0.3467674180865288,53,54,0.3467674180865288,0.013471730053424835,0.3602391481399536,0.6120042204856873,60,56.0,,4RK6A,0,"[105, 268]",287,5,60,0.5,2,4
True,11,12,0.7004927098751068,11,12,0.7004927098751068,0.005618065595626831,0.7061107754707336,0.7489250898361206,15,12.0,12.0,4RVCA,0,"[32, 188]",245,5,60,0.5,2,4
False,18,19,0.38046377897262573,18,19,0.38046377897262573,0.562798261642456,0.9432620406150818,1.0210212469100952,60,18.0,19.0,4TL6A,0,"[43, 179]",253,5,60,0.5,2,4
True,18,19,0.6491476036608219,18,19,0.6491476036608219,0.041517224162817,0.6906648278236389,0.977199375629425,23,19.0,20.0,4UA6A,0,"[21, 235]",263,5,60,0.5,2,4
True,36,37,0.9505706494674087,36,37,0.9505706494674087,0.008393817581236362,0.958964467048645,0.9665580987930298,39,37.0,37.0,4UA8A,0,"[139, 260]",400,5,60,0.5,2,4
True,50,51,0.9091426027007401,50,51,0.9091426027007401,0.007668446283787489,0.9168110489845276,0.9133779406547546,55,51.0,51.0,4UDQA,0,"[33, 226]",531,5,60,0.5,2,4
False,57,58,0.24728585593402386,57,58,0.24728585593402386,0.020165549591183662,0.2674514055252075,0.024832289665937424,60,,,4USKA,0,"[203, 307]",346,5,60,0.5,2,4
False,55,56,0.0649667326360941,55,56,0.0649667326360941,0.021091682836413383,0.08605841547250748,0.07888330519199371,60,,,4WBTA,0,"[57, 267]",376,5,60,0.5,2,4
True,26,27,0.9244783031754196,26,27,0.9244783031754196,0.0069097173400223255,0.9313880205154419,0.9562258720397949,31,27.0,27.0,4WY2A,0,"[159, 271]",319,5,60,0.5,2,4
False,44,45,0.4371713241562247,44,45,0.4371713241562247,0.008232192136347294,0.445403516292572,0.8433406949043274,60,46.0,48.0,4XLZA,0,"[35, 136]",267,5,60,0.5,2,4
True,32,33,1.108355067204684,32,33,1.108355067204684,0.007658102083951235,1.1160131692886353,1.1158618927001953,35,33.0,33.0,4Y1BA,0,"[74, 178]",425,5,60,0.5,2,4
False,24,25,0.006900729611515999,24,25,0.006900729611515999,0.006045841611921787,0.012946571223437786,0.013216772116720676,60,,,4Y9TA,0,"[47, 275]",346,5,60,0.5,2,4
False,43,44,0.4605543315410614,43,44,0.4605543315410614,0.021088778972625732,0.48164311051368713,0.8129976987838745,60,45.0,54.0,4YGSA,0,"[94, 206]",229,5,60,0.5,2,4
True,20,21,0.8599314438179135,20,21,0.8599314438179135,0.012324417941272259,0.8722558617591858,0.5141652822494507,23,21.0,21.0,4YHBA,0,"[19, 126]",273,5,60,0.5,2,4
True,56,57,0.7953412113711238,56,57,0.7953412113711238,0.006971401162445545,0.8023126125335693,0.7787457704544067,59,57.0,57.0,4YJ6A,0,"[271, 395]",501,5,60,0.5,2,4
False,42,43,0.0006836550310254097,42,43,0.0006836550310254097,0.006134897004812956,0.0068185520358383656,0.006171958986669779,60,,,4ZE8A,0,"[249, 466]",499,5,60,0.5,2,4
True,15,16,0.7957144780084491,15,16,0.7957144780084491,0.0056127505376935005,0.8013272285461426,0.7578237056732178,19,16.0,16.0,4ZJUA,0,"[34, 238]",275,5,60,0.5,2,4
False,3,4,0.0009852610528469086,3,4,0.0009852610528469086,0.006265503354370594,0.007250764407217503,0.0065085808746516705,60,,,4ZNMA,0,"[245, 425]",462,5,60,0.5,2,4
False,36,37,0.01052690576761961,36,37,0.01052690576761961,0.006007772870361805,0.016534678637981415,0.01651136577129364,60,,,5AB4A,0,"[127, 233]",425,5,60,0.5,2,4
True,27,28,1.2472965717315674,27,28,1.2472965717315674,0.009123802185058594,1.256420373916626,1.2698689699172974,31,28.0,28.0,5AJGA,0,"[174, 287]",329,5,60,0.5,2,4
False,11,12,0.12292782962322235,11,12,0.12292782962322235,0.09346644580364227,0.21639427542686462,0.02849176712334156,60,,,5AUNB,0,"[22, 129]",248,5,60,0.5,2,4
False,57,58,0.2200812241062522,57,58,0.2200812241062522,0.007908106781542301,0.2279893308877945,0.3370462656021118,60,,,5AZ3A,0,"[192, 324]",344,5,60,0.5,2,4
False,10,11,0.0037330156192183495,10,11,0.0037330156192183495,0.006210459396243095,0.009943475015461445,0.01155511848628521,60,,,5B19A,0,"[19, 212]",232,5,60,0.5,2,4
True,13,14,0.8769496008753777,13,14,0.8769496008753777,0.01761055737733841,0.8945601582527161,0.9860244393348694,19,14.0,14.0,5BRLA,0,"[58, 173]",210,5,60,0.5,2,4
False,41,42,0.18933471478521824,41,42,0.18933471478521824,0.026381274685263634,0.21571598947048187,0.22874340415000916,60,,,5CMLA,0,"[50, 242]",263,5,60,0.5,2,4
False,20,21,0.38313060998916626,20,21,0.38313060998916626,0.28253209590911865,0.6656627058982849,0.849677562713623,60,21.0,30.0,5CXXA,0,"[29, 136]",275,5,60,0.5,2,4
True,51,52,1.0849854741245508,51,52,1.0849854741245508,0.009668847545981407,1.0946543216705322,1.0334248542785645,55,52.0,52.0,5FS8A,0,"[33, 149]",515,5,60,0.5,2,4
True,40,41,0.7177625158801675,40,41,0.7177625158801675,0.006246938370168209,0.7240094542503357,0.7318840622901917,43,41.0,41.0,5G0AA,0,"[97, 342]",483,5,60,0.5,2,4
False,13,14,0.47912502102553844,13,14,0.47912502102553844,0.022738637402653694,0.5018636584281921,1.1711738109588623,60,14.0,16.0,5HEEA,0,"[43, 167]",262,5,60,0.5,2,4
True,12,13,1.0177649687975645,12,13,1.0177649687975645,0.01680500991642475,1.0345699787139893,0.047195304185152054,15,13.0,13.0,5I45A,0,"[49, 169]",218,5,60,0.5,2,4
False,16,17,0.3497721329331398,16,17,0.3497721329331398,0.08295660465955734,0.43272873759269714,0.8814415335655212,60,19.0,21.0,5I9JA,0,"[69, 187]",229,5,60,0.5,2,4
True,19,20,0.8704092744737864,19,20,0.8704092744737864,0.004671668633818626,0.875080943107605,0.8766830563545227,23,20.0,20.0,5IDVA,0,"[69, 245]",279,5,60,0.5,2,4
True,14,15,1.0475218682549894,14,15,1.0475218682549894,0.005850753281265497,1.0533726215362549,1.025378942489624,19,15.0,15.0,5IDYA,0,"[31, 237]",267,5,60,0.5,2,4
False,20,21,0.0018898979760706425,20,21,0.0018898979760706425,0.007027606945484877,0.008917504921555519,0.008014910854399204,60,,,5IVKA,0,"[247, 352]",577,5,60,0.5,2,4
