direction,metric_type,qk_side,rank,token_pos,seq_pos,region,aa,latent_idx,score
upstream,head_local,q,1,338,337,ss2,L,2380,-0.00126139
upstream,head_local,q,2,338,337,ss2,L,3976,0.00062790
upstream,head_local,q,3,338,337,ss2,L,1164,0.00049764
upstream,head_local,q,4,158,157,flkL,A,2418,0.00043467
upstream,head_local,q,5,158,157,flkL,A,1992,0.00040663
upstream,head_local,q,6,338,337,ss2,L,2611,0.00038017
upstream,head_local,q,7,295,294,other,V,619,-0.00034117
upstream,head_local,q,8,334,333,ss2,L,3484,0.00033308
upstream,head_local,q,9,295,294,other,V,1835,0.00031562
upstream,head_local,q,10,294,293,other,I,619,-0.00030703
upstream,head_local,q,11,0,-1,special,?,1634,0.00030306
upstream,head_local,q,12,0,-1,special,?,3780,-0.00029032
upstream,head_local,q,13,201,200,flkL,I,2486,-0.00027122
upstream,head_local,q,14,158,157,flkL,A,3227,0.00026918
upstream,head_local,q,15,158,157,flkL,A,47,-0.00026772
upstream,head_local,q,16,201,200,flkL,I,836,-0.00025415
upstream,head_local,q,17,295,294,other,V,2775,0.00025081
upstream,head_local,q,18,201,200,flkL,I,3049,0.00023270
upstream,head_local,q,19,338,337,ss2,L,2779,-0.00023166
upstream,head_local,q,20,158,157,flkL,A,2983,-0.00023101
upstream,head_local,q,21,201,200,flkL,I,619,-0.00022515
upstream,head_local,q,22,158,157,flkL,A,2908,-0.00022382
upstream,head_local,q,23,296,295,other,Y,619,-0.00022119
upstream,head_local,q,24,201,200,flkL,I,1247,0.00021678
upstream,head_local,q,25,201,200,flkL,I,3874,0.00021340
upstream,head_local,q,26,294,293,other,I,2775,0.00021186
upstream,head_local,q,27,201,200,flkL,I,2983,-0.00021046
upstream,head_local,q,28,158,157,flkL,A,3133,0.00020192
upstream,head_local,q,29,0,-1,special,?,2486,0.00020167
upstream,head_local,q,30,158,157,flkL,A,2684,0.00020091
upstream,head_local,q,31,0,-1,special,?,1708,0.00020062
upstream,head_local,q,32,201,200,flkL,I,1299,-0.00020003
upstream,head_local,q,33,201,200,flkL,I,1195,-0.00019140
upstream,head_local,q,34,220,219,ss1,M,3365,-0.00018490
upstream,head_local,q,35,293,292,other,G,1835,0.00018395
upstream,head_local,q,36,295,294,other,V,3874,0.00018299
upstream,head_local,q,37,296,295,other,Y,2775,0.00018259
upstream,head_local,q,38,158,157,flkL,A,1575,-0.00018151
upstream,head_local,q,39,220,219,ss1,M,2268,0.00017965
upstream,head_local,q,40,293,292,other,G,619,-0.00017624
upstream,head_local,q,41,296,295,other,Y,1893,0.00017416
upstream,head_local,q,42,220,219,ss1,M,1426,0.00017335
upstream,head_local,q,43,201,200,flkL,I,2871,-0.00017243
upstream,head_local,q,44,0,-1,special,?,4025,-0.00017101
upstream,head_local,q,45,294,293,other,I,3874,0.00016806
upstream,head_local,q,46,158,157,flkL,A,1745,-0.00016803
upstream,head_local,q,47,158,157,flkL,A,1033,0.00016628
upstream,head_local,q,48,158,157,flkL,A,3539,-0.00016610
upstream,head_local,q,49,201,200,flkL,I,3351,0.00015992
upstream,head_local,q,50,158,157,flkL,A,1091,-0.00015971
upstream,head_local,k,1,201,200,flkL,I,3874,0.00977931
upstream,head_local,k,2,201,200,flkL,I,1299,0.00930425
upstream,head_local,k,3,201,200,flkL,I,1247,0.00887515
upstream,head_local,k,4,201,200,flkL,I,2486,0.00813337
upstream,head_local,k,5,201,200,flkL,I,1195,0.00601086
upstream,head_local,k,6,201,200,flkL,I,1841,0.00490896
upstream,head_local,k,7,201,200,flkL,I,2878,0.00441295
upstream,head_local,k,8,201,200,flkL,I,1638,0.00405289
upstream,head_local,k,9,201,200,flkL,I,3056,0.00403398
upstream,head_local,k,10,201,200,flkL,I,373,-0.00399266
upstream,head_local,k,11,201,200,flkL,I,3384,-0.00393304
upstream,head_local,k,12,201,200,flkL,I,3351,-0.00363873
upstream,head_local,k,13,201,200,flkL,I,2983,0.00356153
upstream,head_local,k,14,201,200,flkL,I,1302,0.00337463
upstream,head_local,k,15,201,200,flkL,I,619,0.00323208
upstream,head_local,k,16,201,200,flkL,I,1815,0.00321933
upstream,head_local,k,17,201,200,flkL,I,1172,0.00262384
upstream,head_local,k,18,201,200,flkL,I,3761,0.00260142
upstream,head_local,k,19,201,200,flkL,I,4090,-0.00256900
upstream,head_local,k,20,201,200,flkL,I,2662,0.00238947
upstream,head_local,k,21,201,200,flkL,I,2019,0.00230017
upstream,head_local,k,22,201,200,flkL,I,265,-0.00189649
upstream,head_local,k,23,201,200,flkL,I,3049,-0.00179658
upstream,head_local,k,24,201,200,flkL,I,836,0.00167795
upstream,head_local,k,25,201,200,flkL,I,783,-0.00156374
upstream,head_local,k,26,201,200,flkL,I,275,-0.00155903
upstream,head_local,k,27,201,200,flkL,I,1118,-0.00155747
upstream,head_local,k,28,201,200,flkL,I,2524,0.00148160
upstream,head_local,k,29,201,200,flkL,I,3298,-0.00131387
upstream,head_local,k,30,201,200,flkL,I,2043,0.00130474
upstream,head_local,k,31,201,200,flkL,I,2207,0.00130368
upstream,head_local,k,32,201,200,flkL,I,3716,0.00114478
upstream,head_local,k,33,201,200,flkL,I,698,-0.00108082
upstream,head_local,k,34,201,200,flkL,I,2839,0.00105887
upstream,head_local,k,35,201,200,flkL,I,1591,0.00096850
upstream,head_local,k,36,201,200,flkL,I,2103,-0.00092924
upstream,head_local,k,37,201,200,flkL,I,77,-0.00084434
upstream,head_local,k,38,201,200,flkL,I,567,0.00081246
upstream,head_local,k,39,201,200,flkL,I,2894,0.00070886
upstream,head_local,k,40,201,200,flkL,I,1640,0.00068882
upstream,head_local,k,41,201,200,flkL,I,1233,0.00066762
upstream,head_local,k,42,201,200,flkL,I,576,0.00065436
upstream,head_local,k,43,201,200,flkL,I,915,0.00063986
upstream,head_local,k,44,201,200,flkL,I,4043,0.00062356
upstream,head_local,k,45,201,200,flkL,I,3220,-0.00057354
upstream,head_local,k,46,201,200,flkL,I,431,0.00054475
upstream,head_local,k,47,201,200,flkL,I,3016,0.00051731
upstream,head_local,k,48,201,200,flkL,I,1896,0.00050024
upstream,head_local,k,49,201,200,flkL,I,2770,0.00048614
upstream,head_local,k,50,201,200,flkL,I,1077,0.00048565
upstream,contact,q,1,201,200,flkL,I,1247,0.01592049
upstream,contact,q,2,201,200,flkL,I,836,-0.01382431
upstream,contact,q,3,201,200,flkL,I,2983,-0.01008717
upstream,contact,q,4,201,200,flkL,I,1299,-0.00932441
upstream,contact,q,5,201,200,flkL,I,3874,0.00828933
upstream,contact,q,6,201,200,flkL,I,3351,0.00782208
upstream,contact,q,7,201,200,flkL,I,619,-0.00765123
upstream,contact,q,8,201,200,flkL,I,1172,-0.00746488
upstream,contact,q,9,201,200,flkL,I,2871,-0.00648408
upstream,contact,q,10,201,200,flkL,I,3872,-0.00647947
upstream,contact,q,11,201,200,flkL,I,1638,-0.00556968
upstream,contact,q,12,201,200,flkL,I,2839,0.00522988
upstream,contact,q,13,201,200,flkL,I,3049,0.00498869
upstream,contact,q,14,201,200,flkL,I,783,0.00498571
upstream,contact,q,15,201,200,flkL,I,1195,-0.00471753
upstream,contact,q,16,201,200,flkL,I,1575,-0.00470583
upstream,contact,q,17,201,200,flkL,I,4090,0.00441113
upstream,contact,q,18,201,200,flkL,I,2019,-0.00435905
upstream,contact,q,19,201,200,flkL,I,1118,-0.00404113
upstream,contact,q,20,201,200,flkL,I,2711,0.00390871
upstream,contact,q,21,201,200,flkL,I,1302,0.00325922
upstream,contact,q,22,0,-1,special,?,1634,0.00325228
upstream,contact,q,23,201,200,flkL,I,3298,0.00321813
upstream,contact,q,24,0,-1,special,?,3780,-0.00312278
upstream,contact,q,25,201,200,flkL,I,1815,-0.00300372
upstream,contact,q,26,201,200,flkL,I,77,0.00285529
upstream,contact,q,27,294,293,other,I,619,-0.00277591
upstream,contact,q,28,201,200,flkL,I,2662,0.00256276
upstream,contact,q,29,0,-1,special,?,1708,0.00244934
upstream,contact,q,30,295,294,other,V,1835,0.00230139
upstream,contact,q,31,201,200,flkL,I,3761,0.00222902
upstream,contact,q,32,201,200,flkL,I,3139,-0.00212231
upstream,contact,q,33,295,294,other,V,619,-0.00208703
upstream,contact,q,34,201,200,flkL,I,472,0.00207216
upstream,contact,q,35,294,293,other,I,2775,0.00205042
upstream,contact,q,36,293,292,other,G,1835,0.00200190
upstream,contact,q,37,201,200,flkL,I,2495,-0.00197427
upstream,contact,q,38,294,293,other,I,3139,-0.00192089
upstream,contact,q,39,201,200,flkL,I,265,-0.00191724
upstream,contact,q,40,201,200,flkL,I,2524,0.00189452
upstream,contact,q,41,201,200,flkL,I,3361,-0.00185123
upstream,contact,q,42,201,200,flkL,I,3384,0.00180642
upstream,contact,q,43,201,200,flkL,I,2486,-0.00175179
upstream,contact,q,44,293,292,other,G,619,-0.00174651
upstream,contact,q,45,338,337,ss2,L,2380,0.00171326
upstream,contact,q,46,295,294,other,V,2775,0.00170702
upstream,contact,q,47,294,293,other,I,3874,0.00158340
upstream,contact,q,48,0,-1,special,?,1976,-0.00154790
upstream,contact,q,49,0,-1,special,?,4025,-0.00151326
upstream,contact,q,50,201,200,flkL,I,3539,-0.00150803
upstream,contact,k,1,201,200,flkL,I,3874,0.03075931
upstream,contact,k,2,201,200,flkL,I,2486,0.02710364
upstream,contact,k,3,201,200,flkL,I,1299,0.02626225
upstream,contact,k,4,201,200,flkL,I,1247,0.02458701
upstream,contact,k,5,201,200,flkL,I,1195,0.01846120
upstream,contact,k,6,201,200,flkL,I,373,-0.01109848
upstream,contact,k,7,201,200,flkL,I,3056,0.01096343
upstream,contact,k,8,201,200,flkL,I,3384,-0.01046524
upstream,contact,k,9,201,200,flkL,I,2983,0.00948074
upstream,contact,k,10,201,200,flkL,I,836,0.00929682
upstream,contact,k,11,201,200,flkL,I,1638,0.00912067
upstream,contact,k,12,201,200,flkL,I,2662,0.00901433
upstream,contact,k,13,201,200,flkL,I,1302,0.00872889
upstream,contact,k,14,201,200,flkL,I,275,-0.00860993
upstream,contact,k,15,201,200,flkL,I,619,0.00842676
upstream,contact,k,16,201,200,flkL,I,1841,0.00791108
upstream,contact,k,17,201,200,flkL,I,1815,0.00786861
upstream,contact,k,18,201,200,flkL,I,1172,0.00774244
upstream,contact,k,19,201,200,flkL,I,3049,-0.00771625
upstream,contact,k,20,201,200,flkL,I,3351,-0.00759121
upstream,contact,k,21,201,200,flkL,I,2839,0.00748661
upstream,contact,k,22,201,200,flkL,I,1118,-0.00625456
upstream,contact,k,23,201,200,flkL,I,4090,-0.00569361
upstream,contact,k,24,201,200,flkL,I,2878,0.00567358
upstream,contact,k,25,294,293,other,I,431,0.00565233
upstream,contact,k,26,294,293,other,I,2775,0.00513792
upstream,contact,k,27,201,200,flkL,I,2524,0.00506613
upstream,contact,k,28,294,293,other,I,1815,0.00461678
upstream,contact,k,29,201,200,flkL,I,3761,0.00399111
upstream,contact,k,30,201,200,flkL,I,1591,0.00358014
upstream,contact,k,31,201,200,flkL,I,783,-0.00352100
upstream,contact,k,32,201,200,flkL,I,2043,0.00345187
upstream,contact,k,33,294,293,other,I,619,0.00331787
upstream,contact,k,34,201,200,flkL,I,3872,-0.00325987
upstream,contact,k,35,201,200,flkL,I,3716,0.00319479
upstream,contact,k,36,201,200,flkL,I,265,-0.00298316
upstream,contact,k,37,201,200,flkL,I,2207,0.00288840
upstream,contact,k,38,294,293,other,I,1475,0.00283661
upstream,contact,k,39,294,293,other,I,3874,0.00281611
upstream,contact,k,40,201,200,flkL,I,2103,-0.00267726
upstream,contact,k,41,294,293,other,I,289,-0.00266373
upstream,contact,k,42,201,200,flkL,I,1640,0.00263676
upstream,contact,k,43,294,293,other,I,1202,0.00255352
upstream,contact,k,44,201,200,flkL,I,77,-0.00253535
upstream,contact,k,45,294,293,other,I,2662,0.00231919
upstream,contact,k,46,201,200,flkL,I,698,-0.00231213
upstream,contact,k,47,294,293,other,I,2349,-0.00225117
upstream,contact,k,48,201,200,flkL,I,915,0.00224574
upstream,contact,k,49,201,200,flkL,I,567,0.00222232
upstream,contact,k,50,295,294,other,V,2775,0.00220839
downstream,direct_write,-,1,216,215,ss1,L,1352,0.62778163
downstream,direct_write,-,2,355,354,flkR,G,3506,0.61602062
downstream,direct_write,-,3,0,-1,special,?,3506,0.61008942
downstream,direct_write,-,4,0,-1,special,?,1352,0.59863216
downstream,direct_write,-,5,292,291,other,L,3506,0.59729606
downstream,direct_write,-,6,292,291,other,L,1352,0.59160876
downstream,direct_write,-,7,355,354,flkR,G,1352,0.58719516
downstream,direct_write,-,8,216,215,ss1,L,3506,0.58386356
downstream,direct_write,-,9,286,285,other,G,1352,0.57851326
downstream,direct_write,-,10,351,350,flkR,M,1352,0.56673497
downstream,direct_write,-,11,286,285,other,G,3506,0.56657457
downstream,direct_write,-,12,338,337,ss2,L,3506,0.56485981
downstream,direct_write,-,13,216,215,ss1,L,1614,0.56041878
downstream,direct_write,-,14,0,-1,special,?,1614,0.55890840
downstream,direct_write,-,15,350,349,flkR,A,1352,0.55762398
downstream,direct_write,-,16,351,350,flkR,M,3506,0.55177212
downstream,direct_write,-,17,334,333,ss2,L,1352,0.55027843
downstream,direct_write,-,18,215,214,ss1,S,1352,0.55007356
downstream,direct_write,-,19,338,337,ss2,L,1352,0.54895896
downstream,direct_write,-,20,158,157,flkL,A,1352,0.54617977
downstream,direct_write,-,21,217,216,ss1,I,1352,0.54434294
downstream,direct_write,-,22,297,296,other,L,3506,0.54319108
downstream,direct_write,-,23,297,296,other,L,1352,0.54140568
downstream,direct_write,-,24,298,297,other,E,3506,0.54096341
downstream,direct_write,-,25,298,297,other,E,1352,0.54055864
downstream,direct_write,-,26,216,215,ss1,L,2118,0.53922904
downstream,direct_write,-,27,334,333,ss2,L,3506,0.53877747
downstream,direct_write,-,28,350,349,flkR,A,3506,0.53828835
downstream,direct_write,-,29,221,220,ss1,P,1352,0.53297776
downstream,direct_write,-,30,208,207,flkL,V,1352,0.53222901
downstream,direct_write,-,31,352,351,flkR,G,1352,0.53036618
downstream,direct_write,-,32,207,206,flkL,L,1352,0.52908146
downstream,direct_write,-,33,352,351,flkR,G,3506,0.52822500
downstream,direct_write,-,34,158,157,flkL,A,3506,0.52786398
downstream,direct_write,-,35,362,361,flkR,E,1352,0.52743155
downstream,direct_write,-,36,292,291,other,L,1614,0.52526784
downstream,direct_write,-,37,219,218,ss1,A,1352,0.52266359
downstream,direct_write,-,38,362,361,flkR,E,3506,0.52259558
downstream,direct_write,-,39,212,211,flkL,G,1352,0.51909560
downstream,direct_write,-,40,299,298,other,A,3506,0.51163000
downstream,direct_write,-,41,279,278,other,P,1352,0.50811052
downstream,direct_write,-,42,287,286,other,L,1352,0.50655854
downstream,direct_write,-,43,215,214,ss1,S,2118,0.50250125
downstream,direct_write,-,44,296,295,other,Y,3506,0.50202519
downstream,direct_write,-,45,221,220,ss1,P,3506,0.50157607
downstream,direct_write,-,46,280,279,other,A,1352,0.50118208
downstream,direct_write,-,47,286,285,other,G,1614,0.50010353
downstream,direct_write,-,48,214,213,flkL,D,1352,0.49879184
downstream,direct_write,-,49,216,215,ss1,L,2301,-0.49867919
downstream,direct_write,-,50,337,336,ss2,L,1352,0.49813342
